Model,Displ,Cyl,Drive,Veh Class,Cmb MPG
ACURA MDX,3.7,6.0,4WD,SUV,18.0
ACURA MDX,3.7,6.0,4WD,SUV,18.0
ACURA RDX,2.3,4.0,4WD,SUV,19.0
ACURA RDX,2.3,4.0,4WD,SUV,19.0
ACURA RDX,2.3,4.0,2WD,SUV,21.0
ACURA RDX,2.3,4.0,2WD,SUV,21.0
ACURA TL,3.5,6.0,2WD,midsize car,23.0
ACURA TL,3.5,6.0,2WD,midsize car,23.0
ACURA TL,3.7,6.0,4WD,midsize car,20.0
ACURA TL,3.7,6.0,4WD,midsize car,20.0
ACURA TL,3.7,6.0,4WD,midsize car,21.0
ACURA TL,3.7,6.0,4WD,midsize car,21.0
ACURA TSX,2.4,4.0,2WD,small car,24.0
ACURA TSX,2.4,4.0,2WD,small car,24.0
ACURA TSX,2.4,4.0,2WD,small car,26.0
ACURA TSX,2.4,4.0,2WD,small car,26.0
ACURA TSX,3.5,6.0,2WD,small car,23.0
ACURA TSX,3.5,6.0,2WD,small car,23.0
ACURA TSX Wagon,2.4,4.0,2WD,station wagon,25.0
ACURA TSX Wagon,2.4,4.0,2WD,station wagon,25.0
ASTON MARTIN DB9,5.9,12.0,2WD,small car,13.0
ASTON MARTIN DB9,5.9,12.0,2WD,small car,13.0
ASTON MARTIN DB9,5.9,12.0,2WD,small car,15.0
ASTON MARTIN DB9,5.9,12.0,2WD,small car,15.0
ASTON MARTIN DBS,5.9,12.0,2WD,small car,13.0
ASTON MARTIN DBS,5.9,12.0,2WD,small car,13.0
ASTON MARTIN DBS,5.9,12.0,2WD,small car,14.0
ASTON MARTIN DBS,5.9,12.0,2WD,small car,14.0
ASTON MARTIN Rapide,5.9,12.0,2WD,small car,15.0
ASTON MARTIN Rapide,5.9,12.0,2WD,small car,15.0
ASTON MARTIN V12 Vantage,5.9,12.0,2WD,small car,13.0
ASTON MARTIN V12 Vantage,5.9,12.0,2WD,small car,13.0
ASTON MARTIN V8 Vantage,4.7,8.0,2WD,small car,16.0
ASTON MARTIN V8 Vantage,4.7,8.0,2WD,small car,16.0
ASTON MARTIN V8 Vantage,4.7,8.0,2WD,small car,16.0
ASTON MARTIN V8 Vantage,4.7,8.0,2WD,small car,16.0
ASTON MARTIN V8 Vantage,4.7,8.0,2WD,small car,15.0
ASTON MARTIN V8 Vantage,4.7,8.0,2WD,small car,15.0
ASTON MARTIN V8 Vantage S,4.7,8.0,2WD,small car,16.0
ASTON MARTIN V8 Vantage S,4.7,8.0,2WD,small car,16.0
ASTON MARTIN Virage,5.9,12.0,2WD,small car,15.0
ASTON MARTIN Virage,5.9,12.0,2WD,small car,15.0
AUDI A3,2.0,4.0,2WD,station wagon,24.0
AUDI A3,2.0,4.0,2WD,station wagon,24.0
AUDI A3,2.0,4.0,2WD,station wagon,24.0
AUDI A3,2.0,4.0,2WD,station wagon,24.0
AUDI A3,2.0,4.0,4WD,station wagon,24.0
AUDI A3,2.0,4.0,4WD,station wagon,24.0
AUDI A3,2.0,4.0,2WD,station wagon,34.0
AUDI A3,2.0,4.0,2WD,station wagon,34.0
AUDI A3,2.0,4.0,2WD,station wagon,24.0
AUDI A3,2.0,4.0,2WD,station wagon,24.0
AUDI A4,2.0,4.0,2WD,small car,25.0
AUDI A4,2.0,4.0,2WD,small car,25.0
AUDI A4,2.0,4.0,4WD,small car,25.0
AUDI A4,2.0,4.0,4WD,small car,25.0
AUDI A4,2.0,4.0,4WD,small car,24.0
AUDI A4,2.0,4.0,4WD,small car,24.0
AUDI A4 Avant,2.0,4.0,4WD,station wagon,24.0
AUDI A4 Avant,2.0,4.0,4WD,station wagon,24.0
AUDI A5,2.0,4.0,4WD,small car,25.0
AUDI A5,2.0,4.0,4WD,small car,25.0
AUDI A5,2.0,4.0,4WD,small car,24.0
AUDI A5,2.0,4.0,4WD,small car,24.0
AUDI A5 Cabriolet,2.0,4.0,2WD,small car,25.0
AUDI A5 Cabriolet,2.0,4.0,2WD,small car,25.0
AUDI A5 Cabriolet,2.0,4.0,4WD,small car,24.0
AUDI A5 Cabriolet,2.0,4.0,4WD,small car,24.0
AUDI A6,2.0,4.0,2WD,midsize car,28.0
AUDI A6,2.0,4.0,2WD,midsize car,28.0
AUDI A7,3.0,6.0,4WD,midsize car,22.0
AUDI A7,3.0,6.0,4WD,midsize car,22.0
AUDI A8,4.2,8.0,4WD,midsize car,21.0
AUDI A8,4.2,8.0,4WD,midsize car,21.0
AUDI A8 L,4.2,8.0,4WD,large car,21.0
AUDI A8 L,4.2,8.0,4WD,large car,21.0
AUDI A8 L,6.3,12.0,4WD,large car,16.0
AUDI A8 L,6.3,12.0,4WD,large car,16.0
AUDI Q5,2.0,4.0,4WD,SUV,22.0
AUDI Q5,2.0,4.0,4WD,SUV,22.0
AUDI Q5,3.2,6.0,4WD,SUV,20.0
AUDI Q5,3.2,6.0,4WD,SUV,20.0
AUDI Q7,3.0,6.0,4WD,SUV,20.0
AUDI Q7,3.0,6.0,4WD,SUV,20.0
AUDI Q7,3.0,6.0,4WD,SUV,18.0
AUDI Q7,3.0,6.0,4WD,SUV,18.0
AUDI R8,4.2,8.0,4WD,small car,14.0
AUDI R8,4.2,8.0,4WD,small car,14.0
AUDI R8,5.2,10.0,4WD,small car,15.0
AUDI R8,5.2,10.0,4WD,small car,15.0
AUDI R8,5.2,10.0,4WD,small car,14.0
AUDI R8,5.2,10.0,4WD,small car,14.0
AUDI R8 Spyder,4.2,8.0,4WD,small car,14.0
AUDI R8 Spyder,4.2,8.0,4WD,small car,14.0
AUDI R8 Spyder,5.2,10.0,4WD,small car,15.0
AUDI R8 Spyder,5.2,10.0,4WD,small car,15.0
AUDI R8 Spyder,5.2,10.0,4WD,small car,14.0
AUDI R8 Spyder,5.2,10.0,4WD,small car,14.0
AUDI S4,3.0,6.0,4WD,small car,21.0
AUDI S4,3.0,6.0,4WD,small car,21.0
AUDI S4,3.0,6.0,4WD,small car,21.0
AUDI S4,3.0,6.0,4WD,small car,21.0
AUDI S5,4.2,8.0,4WD,small car,17.0
AUDI S5,4.2,8.0,4WD,small car,17.0
AUDI S5,4.2,8.0,4WD,small car,19.0
AUDI S5,4.2,8.0,4WD,small car,19.0
AUDI S5 Cabriolet,3.0,6.0,4WD,small car,20.0
AUDI S5 Cabriolet,3.0,6.0,4WD,small car,20.0
AUDI TT Coupe,2.0,4.0,4WD,small car,26.0
AUDI TT Coupe,2.0,4.0,4WD,small car,26.0
AUDI TT Roadster,2.0,4.0,4WD,small car,26.0
AUDI TT Roadster,2.0,4.0,4WD,small car,26.0
AUDI TTRS Coupe,2.5,5.0,4WD,small car,20.0
AUDI TTRS Coupe,2.5,5.0,4WD,small car,20.0
BENTLEY Mulsanne,6.8,8.0,2WD,midsize car,13.0
BENTLEY Mulsanne,6.8,8.0,2WD,midsize car,13.0
BMW 128Ci Convertible,3.0,6.0,2WD,small car,22.0
BMW 128Ci Convertible,3.0,6.0,2WD,small car,22.0
BMW 128Ci Convertible,3.0,6.0,2WD,small car,22.0
BMW 128Ci Convertible,3.0,6.0,2WD,small car,22.0
BMW 128Ci Convertible,3.0,6.0,2WD,small car,21.0
BMW 128Ci Convertible,3.0,6.0,2WD,small car,21.0
BMW 128Ci Convertible,3.0,6.0,2WD,small car,21.0
BMW 128Ci Convertible,3.0,6.0,2WD,small car,21.0
BMW 128i,3.0,6.0,2WD,small car,22.0
BMW 128i,3.0,6.0,2WD,small car,22.0
BMW 128i,3.0,6.0,2WD,small car,22.0
BMW 128i,3.0,6.0,2WD,small car,22.0
BMW 128i,3.0,6.0,2WD,small car,21.0
BMW 128i,3.0,6.0,2WD,small car,21.0
BMW 128i,3.0,6.0,2WD,small car,21.0
BMW 128i,3.0,6.0,2WD,small car,21.0
BMW 135i,3.0,6.0,2WD,small car,23.0
BMW 135i,3.0,6.0,2WD,small car,23.0
BMW 135i,3.0,6.0,2WD,small car,21.0
BMW 135i,3.0,6.0,2WD,small car,21.0
BMW 135i Convertible,3.0,6.0,2WD,small car,22.0
BMW 135i Convertible,3.0,6.0,2WD,small car,22.0
BMW 135i Convertible,3.0,6.0,2WD,small car,20.0
BMW 135i Convertible,3.0,6.0,2WD,small car,20.0
BMW 328Ci Convertible,3.0,6.0,2WD,small car,20.0
BMW 328Ci Convertible,3.0,6.0,2WD,small car,20.0
BMW 328Ci Convertible,3.0,6.0,2WD,small car,20.0
BMW 328Ci Convertible,3.0,6.0,2WD,small car,20.0
BMW 328Ci Convertible,3.0,6.0,2WD,small car,21.0
BMW 328Ci Convertible,3.0,6.0,2WD,small car,21.0
BMW 328Ci Convertible,3.0,6.0,2WD,small car,21.0
BMW 328Ci Convertible,3.0,6.0,2WD,small car,21.0
BMW 328i,2.0,4.0,2WD,small car,27.0
BMW 328i,2.0,4.0,2WD,small car,27.0
BMW 328i,2.0,4.0,2WD,small car,26.0
BMW 328i,2.0,4.0,2WD,small car,26.0
BMW 328i,2.0,4.0,2WD,small car,26.0
BMW 328i,2.0,4.0,2WD,small car,26.0
BMW 328i,3.0,6.0,4WD,small car,20.0
BMW 328i,3.0,6.0,4WD,small car,20.0
BMW 328i,3.0,6.0,4WD,small car,20.0
BMW 328i,3.0,6.0,4WD,small car,20.0
BMW 328i,3.0,6.0,2WD,small car,22.0
BMW 328i,3.0,6.0,2WD,small car,22.0
BMW 328i,3.0,6.0,2WD,small car,22.0
BMW 328i,3.0,6.0,2WD,small car,22.0
BMW 328i,3.0,6.0,4WD,small car,20.0
BMW 328i,3.0,6.0,4WD,small car,20.0
BMW 328i,3.0,6.0,4WD,small car,20.0
BMW 328i,3.0,6.0,4WD,small car,20.0
BMW 328i,3.0,6.0,2WD,small car,21.0
BMW 328i,3.0,6.0,2WD,small car,21.0
BMW 328i,3.0,6.0,2WD,small car,21.0
BMW 328i,3.0,6.0,2WD,small car,21.0
BMW 328i Sport Wagon,3.0,6.0,4WD,station wagon,20.0
BMW 328i Sport Wagon,3.0,6.0,4WD,station wagon,20.0
BMW 328i Sport Wagon,3.0,6.0,4WD,station wagon,20.0
BMW 328i Sport Wagon,3.0,6.0,4WD,station wagon,20.0
BMW 328i Sports Wagon,3.0,6.0,2WD,station wagon,20.0
BMW 328i Sports Wagon,3.0,6.0,2WD,station wagon,20.0
BMW 328i Sports Wagon,3.0,6.0,2WD,station wagon,21.0
BMW 328i Sports Wagon,3.0,6.0,2WD,station wagon,21.0
BMW 335Ci Convertible,3.0,6.0,2WD,small car,22.0
BMW 335Ci Convertible,3.0,6.0,2WD,small car,22.0
BMW 335Ci Convertible,3.0,6.0,2WD,small car,22.0
BMW 335Ci Convertible,3.0,6.0,2WD,small car,22.0
BMW 335i,3.0,6.0,2WD,small car,23.0
BMW 335i,3.0,6.0,2WD,small car,23.0
BMW 335i,3.0,6.0,2WD,small car,26.0
BMW 335i,3.0,6.0,2WD,small car,26.0
BMW 335i Coupe,3.0,6.0,4WD,small car,22.0
BMW 335i Coupe,3.0,6.0,4WD,small car,22.0
BMW 335i Coupe,3.0,6.0,2WD,small car,22.0
BMW 335i Coupe,3.0,6.0,2WD,small car,22.0
BMW 335i Coupe,3.0,6.0,4WD,small car,21.0
BMW 335i Coupe,3.0,6.0,4WD,small car,21.0
BMW 335i Coupe,3.0,6.0,2WD,small car,22.0
BMW 335i Coupe,3.0,6.0,2WD,small car,22.0
BMW 335is Convertible,3.0,6.0,2WD,small car,21.0
BMW 335is Convertible,3.0,6.0,2WD,small car,21.0
BMW 335is Convertible,3.0,6.0,2WD,small car,19.0
BMW 335is Convertible,3.0,6.0,2WD,small car,19.0
BMW 335is Coupe,3.0,6.0,2WD,small car,21.0
BMW 335is Coupe,3.0,6.0,2WD,small car,21.0
BMW 335is Coupe,3.0,6.0,2WD,small car,19.0
BMW 335is Coupe,3.0,6.0,2WD,small car,19.0
BMW 535i,3.0,6.0,2WD,midsize car,23.0
BMW 535i,3.0,6.0,2WD,midsize car,23.0
BMW 535i,3.0,6.0,4WD,midsize car,24.0
BMW 535i,3.0,6.0,4WD,midsize car,24.0
BMW 535i,3.0,6.0,2WD,midsize car,24.0
BMW 535i,3.0,6.0,2WD,midsize car,24.0
BMW 535i Gran Turismo,3.0,6.0,4WD,large car,21.0
BMW 535i Gran Turismo,3.0,6.0,4WD,large car,21.0
BMW 535i Gran Turismo,3.0,6.0,2WD,large car,22.0
BMW 535i Gran Turismo,3.0,6.0,2WD,large car,22.0
BMW 550i,4.4,8.0,2WD,midsize car,17.0
BMW 550i,4.4,8.0,2WD,midsize car,17.0
BMW 550i,4.4,8.0,4WD,midsize car,17.0
BMW 550i,4.4,8.0,4WD,midsize car,17.0
BMW 550i,4.4,8.0,2WD,midsize car,18.0
BMW 550i,4.4,8.0,2WD,midsize car,18.0
BMW 550i Gran Turismo,4.4,8.0,4WD,large car,17.0
BMW 550i Gran Turismo,4.4,8.0,4WD,large car,17.0
BMW 550i Gran Turismo,4.4,8.0,2WD,large car,18.0
BMW 550i Gran Turismo,4.4,8.0,2WD,large car,18.0
BMW 640i,3.0,6.0,2WD,small car,26.0
BMW 640i,3.0,6.0,2WD,small car,26.0
BMW 640i Convertible,3.0,6.0,2WD,small car,24.0
BMW 640i Convertible,3.0,6.0,2WD,small car,24.0
BMW 650i,4.4,8.0,2WD,small car,17.0
BMW 650i,4.4,8.0,2WD,small car,17.0
BMW 650i,4.4,8.0,4WD,small car,17.0
BMW 650i,4.4,8.0,4WD,small car,17.0
BMW 650i,4.4,8.0,2WD,small car,18.0
BMW 650i,4.4,8.0,2WD,small car,18.0
BMW 650i Convertible,4.4,8.0,2WD,small car,17.0
BMW 650i Convertible,4.4,8.0,2WD,small car,17.0
BMW 650i Convertible,4.4,8.0,4WD,small car,17.0
BMW 650i Convertible,4.4,8.0,4WD,small car,17.0
BMW 650i Convertible,4.4,8.0,2WD,small car,18.0
BMW 650i Convertible,4.4,8.0,2WD,small car,18.0
BMW 740Li,3.0,6.0,2WD,large car,20.0
BMW 740Li,3.0,6.0,2WD,large car,20.0
BMW 740i,3.0,6.0,2WD,large car,20.0
BMW 740i,3.0,6.0,2WD,large car,20.0
BMW 750Li,4.4,8.0,4WD,large car,16.0
BMW 750Li,4.4,8.0,4WD,large car,16.0
BMW 750Li,4.4,8.0,2WD,large car,17.0
BMW 750Li,4.4,8.0,2WD,large car,17.0
BMW 750i,4.4,8.0,4WD,large car,16.0
BMW 750i,4.4,8.0,4WD,large car,16.0
BMW 750i,4.4,8.0,2WD,large car,17.0
BMW 750i,4.4,8.0,2WD,large car,17.0
BMW 760Li,6.0,12.0,2WD,large car,15.0
BMW 760Li,6.0,12.0,2WD,large car,15.0
BMW ActiveHybrid 5,3.0,6.0,2WD,midsize car,26.0
BMW ActiveHybrid 5,3.0,6.0,2WD,midsize car,26.0
BMW ActiveHybrid 7,4.4,8.0,2WD,midsize car,20.0
BMW ActiveHybrid 7,4.4,8.0,2WD,midsize car,20.0
BMW ActiveHybrid 7L,4.4,8.0,2WD,large car,20.0
BMW ActiveHybrid 7L,4.4,8.0,2WD,large car,20.0
BMW Alpina B7 LWB,4.4,8.0,4WD,large car,16.0
BMW Alpina B7 LWB,4.4,8.0,4WD,large car,16.0
BMW Alpina B7 LWB,4.4,8.0,2WD,large car,17.0
BMW Alpina B7 LWB,4.4,8.0,2WD,large car,17.0
BMW Alpina B7 SWB,4.4,8.0,4WD,large car,16.0
BMW Alpina B7 SWB,4.4,8.0,4WD,large car,16.0
BMW Alpina B7 SWB,4.4,8.0,2WD,large car,17.0
BMW Alpina B7 SWB,4.4,8.0,2WD,large car,17.0
BMW M3 Convertible,4.0,8.0,2WD,small car,16.0
BMW M3 Convertible,4.0,8.0,2WD,small car,16.0
BMW M3 Convertible,4.0,8.0,2WD,small car,16.0
BMW M3 Convertible,4.0,8.0,2WD,small car,16.0
BMW M3 Coupe,4.0,8.0,2WD,small car,16.0
BMW M3 Coupe,4.0,8.0,2WD,small car,16.0
BMW M3 Coupe,4.0,8.0,2WD,small car,16.0
BMW M3 Coupe,4.0,8.0,2WD,small car,16.0
BMW M6 Convertible,4.4,8.0,2WD,small car,16.0
BMW M6 Convertible,4.4,8.0,2WD,small car,16.0
BMW X3,3.0,6.0,4WD,SUV,21.0
BMW X3,3.0,6.0,4WD,SUV,21.0
BMW X3,3.0,6.0,4WD,SUV,21.0
BMW X3,3.0,6.0,4WD,SUV,21.0
BMW X5,3.0,6.0,4WD,SUV,22.0
BMW X5,3.0,6.0,4WD,SUV,22.0
BMW X5,3.0,6.0,4WD,SUV,19.0
BMW X5,3.0,6.0,4WD,SUV,19.0
BMW X5,4.4,8.0,4WD,SUV,16.0
BMW X5,4.4,8.0,4WD,SUV,16.0
BMW X5,4.4,8.0,4WD,SUV,14.0
BMW X5,4.4,8.0,4WD,SUV,14.0
BMW X6,3.0,6.0,4WD,SUV,19.0
BMW X6,3.0,6.0,4WD,SUV,19.0
BMW X6,4.4,8.0,4WD,SUV,16.0
BMW X6,4.4,8.0,4WD,SUV,16.0
BMW X6,4.4,8.0,4WD,SUV,14.0
BMW X6,4.4,8.0,4WD,SUV,14.0
BMW Z4,2.0,4.0,2WD,small car,27.0
BMW Z4,2.0,4.0,2WD,small car,27.0
BMW Z4,3.0,6.0,2WD,small car,21.0
BMW Z4,3.0,6.0,2WD,small car,21.0
BMW Z4,3.0,6.0,2WD,small car,19.0
BMW Z4,3.0,6.0,2WD,small car,19.0
BUGATTI Veyron,8.0,16.0,4WD,small car,10.0
BUGATTI Veyron,8.0,16.0,4WD,small car,10.0
BUICK Enclave,3.6,6.0,4WD,SUV,18.0
BUICK Enclave,3.6,6.0,2WD,SUV,19.0
BUICK Lacrosse,2.4,4.0,2WD,midsize car,29.0
BUICK Lacrosse,2.4,4.0,2WD,midsize car,29.0
BUICK Lacrosse,2.4,4.0,2WD,midsize car,29.0
BUICK Lacrosse,2.4,4.0,2WD,midsize car,29.0
BUICK Regal,2.0,4.0,2WD,midsize car,22.0
BUICK Regal,2.0,4.0,2WD,midsize car,22.0
BUICK Regal,2.4,4.0,2WD,midsize car,23.0
BUICK Regal,2.4,4.0,2WD,midsize car,29.0
BUICK Regal,2.4,4.0,2WD,midsize car,29.0
BUICK Regal,2.4,4.0,2WD,midsize car,29.0
BUICK Regal,2.4,4.0,2WD,midsize car,29.0
CADILLAC CTS,3.0,6.0,4WD,midsize car,21.0
CADILLAC CTS,3.6,6.0,2WD,midsize car,19.0
CADILLAC CTS,3.6,6.0,4WD,midsize car,21.0
CADILLAC CTS,3.6,6.0,2WD,midsize car,21.0
CADILLAC CTS,3.6,6.0,2WD,midsize car,22.0
CADILLAC CTS,6.2,8.0,2WD,midsize car,16.0
CADILLAC CTS,6.2,8.0,2WD,midsize car,16.0
CADILLAC CTS,6.2,8.0,2WD,midsize car,14.0
CADILLAC CTS,6.2,8.0,2WD,midsize car,14.0
CADILLAC CTS Wagon,3.0,6.0,4WD,station wagon,21.0
CADILLAC CTS Wagon,3.6,6.0,4WD,station wagon,21.0
CADILLAC CTS Wagon,3.6,6.0,2WD,station wagon,21.0
CADILLAC CTS Wagon,3.6,6.0,2WD,station wagon,22.0
CADILLAC CTS Wagon,6.2,8.0,2WD,station wagon,16.0
CADILLAC CTS Wagon,6.2,8.0,2WD,station wagon,16.0
CADILLAC CTS Wagon,6.2,8.0,2WD,station wagon,14.0
CADILLAC CTS Wagon,6.2,8.0,2WD,station wagon,14.0
CADILLAC Escalade Hybrid,6.0,8.0,4WD,SUV,21.0
CADILLAC Escalade Hybrid,6.0,8.0,2WD,SUV,21.0
CHEVROLET Camaro,3.6,6.0,2WD,small car,22.0
CHEVROLET Camaro,3.6,6.0,2WD,small car,20.0
CHEVROLET Camaro,3.6,6.0,2WD,small car,22.0
CHEVROLET Camaro,6.2,8.0,2WD,small car,16.0
CHEVROLET Camaro,6.2,8.0,2WD,small car,16.0
CHEVROLET Camaro,6.2,8.0,2WD,small car,16.0
CHEVROLET Camaro,6.2,8.0,2WD,small car,16.0
CHEVROLET Camaro,6.2,8.0,2WD,small car,19.0
CHEVROLET Camaro,6.2,8.0,2WD,small car,14.0
CHEVROLET Camaro,6.2,8.0,2WD,small car,14.0
CHEVROLET Camaro,6.2,8.0,2WD,small car,14.0
CHEVROLET Camaro,6.2,8.0,2WD,small car,14.0
CHEVROLET Camaro,6.2,8.0,2WD,small car,18.0
CHEVROLET Captiva,2.4,4.0,2WD,SUV,23.0
CHEVROLET Captiva,3.0,6.0,4WD,SUV,18.0
CHEVROLET Captiva,3.0,6.0,2WD,SUV,19.0
CHEVROLET Colorado,2.9,4.0,4WD,pickup,20.0
CHEVROLET Colorado,2.9,4.0,2WD,pickup,21.0
CHEVROLET Colorado,2.9,4.0,4WD,pickup,20.0
CHEVROLET Colorado,2.9,4.0,2WD,pickup,21.0
CHEVROLET Colorado,3.7,5.0,4WD,pickup,18.0
CHEVROLET Colorado,3.7,5.0,4WD,pickup,19.0
CHEVROLET Colorado,3.7,5.0,2WD,pickup,17.0
CHEVROLET Colorado,3.7,5.0,2WD,pickup,19.0
CHEVROLET Colorado,3.7,5.0,2WD,pickup,19.0
CHEVROLET Colorado,5.3,8.0,4WD,pickup,16.0
CHEVROLET Colorado,5.3,8.0,2WD,pickup,16.0
CHEVROLET Corvette,6.2,8.0,2WD,small car,19.0
CHEVROLET Corvette,6.2,8.0,2WD,small car,17.0
CHEVROLET Corvette,6.2,8.0,2WD,small car,17.0
CHEVROLET Corvette,6.2,8.0,2WD,small car,18.0
CHEVROLET Corvette,7.0,8.0,2WD,small car,18.0
CHEVROLET Corvette,7.0,8.0,2WD,small car,18.0
CHEVROLET Cruze,1.4,4.0,2WD,midsize car,30.0
CHEVROLET Cruze,1.4,4.0,2WD,midsize car,30.0
CHEVROLET Cruze,1.8,4.0,2WD,midsize car,29.0
CHEVROLET Cruze,1.8,4.0,2WD,midsize car,27.0
CHEVROLET Cruze Eco,1.4,4.0,2WD,midsize car,31.0
CHEVROLET Cruze Eco,1.4,4.0,2WD,midsize car,33.0
CHEVROLET Equinox,2.4,4.0,4WD,SUV,23.0
CHEVROLET Equinox,2.4,4.0,4WD,SUV,23.0
CHEVROLET Equinox,2.4,4.0,2WD,SUV,26.0
CHEVROLET Equinox,2.4,4.0,2WD,SUV,26.0
CHEVROLET Equinox,3.0,6.0,4WD,SUV,19.0
CHEVROLET Equinox,3.0,6.0,2WD,SUV,20.0
CHEVROLET Express 1500,4.3,6.0,2WD,van,17.0
CHEVROLET Express 1500,4.3,6.0,2WD,van,17.0
CHEVROLET Impala,3.6,6.0,2WD,large car,22.0
CHEVROLET Impala,3.6,6.0,2WD,large car,22.0
CHEVROLET Malibu,2.4,4.0,2WD,midsize car,26.0
CHEVROLET Malibu,2.4,4.0,2WD,midsize car,26.0
CHEVROLET Malibu,2.4,4.0,2WD,midsize car,26.0
CHEVROLET Malibu,2.4,4.0,2WD,midsize car,26.0
CHEVROLET Malibu,3.6,6.0,2WD,midsize car,20.0
CHEVROLET Malibu,3.6,6.0,2WD,midsize car,20.0
CHEVROLET Silverado 15,4.3,6.0,4WD,pickup,15.0
CHEVROLET Silverado 15,4.3,6.0,4WD,pickup,15.0
CHEVROLET Silverado 15,4.3,6.0,2WD,pickup,17.0
CHEVROLET Silverado 15,4.3,6.0,2WD,pickup,17.0
CHEVROLET Silverado 15 Hybrid,6.0,8.0,4WD,pickup,21.0
CHEVROLET Silverado 15 Hybrid,6.0,8.0,2WD,pickup,21.0
CHEVROLET Sonic,1.4,4.0,2WD,small car,33.0
CHEVROLET Sonic,1.4,4.0,2WD,small car,31.0
CHEVROLET Sonic,1.8,4.0,2WD,small car,29.0
CHEVROLET Sonic,1.8,4.0,2WD,small car,28.0
CHEVROLET Sonic 5,1.4,4.0,2WD,midsize car,33.0
CHEVROLET Sonic 5,1.4,4.0,2WD,midsize car,31.0
CHEVROLET Sonic 5,1.8,4.0,2WD,midsize car,29.0
CHEVROLET Sonic 5,1.8,4.0,2WD,midsize car,28.0
CHEVROLET Suburban 2500,6.0,8.0,4WD,SUV,12.0
CHEVROLET Suburban 2500,6.0,8.0,2WD,SUV,12.0
CHEVROLET Tahoe 1500 Hybrid,6.0,8.0,4WD,SUV,21.0
CHEVROLET Tahoe 1500 Hybrid,6.0,8.0,2WD,SUV,21.0
CHEVROLET Traverse,3.6,6.0,4WD,SUV,19.0
CHEVROLET Traverse,3.6,6.0,2WD,SUV,19.0
CHRYSLER 200,2.4,4.0,2WD,midsize car,24.0
CHRYSLER 200,2.4,4.0,2WD,midsize car,24.0
CHRYSLER 200,2.4,4.0,2WD,midsize car,24.0
CHRYSLER 200,2.4,4.0,2WD,midsize car,24.0
CHRYSLER 200 Convertible,2.4,4.0,2WD,small car,22.0
CHRYSLER 300,3.6,6.0,2WD,large car,21.0
CHRYSLER 300,5.7,8.0,4WD,large car,18.0
CHRYSLER 300,5.7,8.0,2WD,large car,19.0
CHRYSLER 300 SRT8,6.4,8.0,2WD,large car,17.0
CHRYSLER 300 SRT8,6.4,8.0,2WD,large car,17.0
DODGE Avenger,2.4,4.0,2WD,midsize car,24.0
DODGE Avenger,2.4,4.0,2WD,midsize car,24.0
DODGE Avenger,2.4,4.0,2WD,midsize car,24.0
DODGE Avenger,2.4,4.0,2WD,midsize car,24.0
DODGE Caliber,2.0,4.0,2WD,station wagon,24.0
DODGE Caliber,2.0,4.0,2WD,station wagon,27.0
DODGE Caliber,2.0,4.0,2WD,station wagon,27.0
DODGE Caliber,2.4,4.0,2WD,station wagon,24.0
DODGE Challenger,3.6,6.0,2WD,midsize car,21.0
DODGE Challenger,5.7,8.0,2WD,midsize car,19.0
DODGE Challenger,5.7,8.0,2WD,midsize car,18.0
DODGE Challenger,5.7,8.0,2WD,midsize car,18.0
DODGE Challenger SRT8,6.4,8.0,2WD,midsize car,17.0
DODGE Challenger SRT8,6.4,8.0,2WD,midsize car,17.0
DODGE Challenger SRT8,6.4,8.0,2WD,midsize car,17.0
DODGE Challenger SRT8,6.4,8.0,2WD,midsize car,17.0
DODGE Charger,3.6,6.0,2WD,large car,21.0
DODGE Charger,5.7,8.0,4WD,large car,18.0
DODGE Charger,5.7,8.0,2WD,large car,19.0
DODGE Charger SRT8,6.4,8.0,2WD,large car,17.0
DODGE Charger SRT8,6.4,8.0,2WD,large car,17.0
DODGE Durango,5.7,8.0,4WD,SUV,15.0
DODGE Durango,5.7,8.0,2WD,SUV,16.0
DODGE Journey,2.4,4.0,2WD,SUV,22.0
DODGE Journey,3.6,6.0,4WD,SUV,19.0
DODGE RAM 1500,3.7,6.0,2WD,pickup,16.0
DODGE RAM 1500,5.7,8.0,4WD,pickup,15.0
DODGE RAM 1500,5.7,8.0,2WD,pickup,16.0
FERRARI 458 Italia,4.5,8.0,2WD,small car,14.0
FERRARI 458 Italia,4.5,8.0,2WD,small car,14.0
FERRARI 458 Italia,4.5,8.0,2WD,small car,14.0
FERRARI 458 Italia,4.5,8.0,2WD,small car,14.0
FERRARI California,4.3,8.0,2WD,small car,15.0
FERRARI California,4.3,8.0,2WD,small car,15.0
FERRARI California,4.3,8.0,2WD,small car,15.0
FERRARI California,4.3,8.0,2WD,small car,15.0
FERRARI FF,6.3,12.0,4WD,midsize car,13.0
FERRARI FF,6.3,12.0,4WD,midsize car,13.0
FERRARI FF,6.3,12.0,4WD,midsize car,13.0
FERRARI FF,6.3,12.0,4WD,midsize car,13.0
FIAT 500,1.4,4.0,2WD,small car,29.0
FIAT 500,1.4,4.0,2WD,small car,29.0
FIAT 500,1.4,4.0,2WD,small car,30.0
FIAT 500,1.4,4.0,2WD,small car,30.0
FIAT 500,1.4,4.0,2WD,small car,33.0
FIAT 500,1.4,4.0,2WD,small car,33.0
FIAT 500 Abarth,1.4,4.0,2WD,small car,31.0
FIAT 500 Abarth,1.4,4.0,2WD,small car,31.0
FORD E350,6.8,10.0,2WD,van,11.0
FORD E350,6.8,10.0,2WD,van,12.0
FORD Edge,2.0,4.0,2WD,SUV,24.0
FORD Edge,2.0,4.0,2WD,SUV,24.0
FORD Edge,3.5,6.0,4WD,SUV,21.0
FORD Edge,3.5,6.0,4WD,SUV,21.0
FORD Edge,3.5,6.0,2WD,SUV,22.0
FORD Edge,3.5,6.0,2WD,SUV,22.0
FORD Edge,3.7,6.0,4WD,SUV,19.0
FORD Edge,3.7,6.0,4WD,SUV,19.0
FORD Edge,3.7,6.0,2WD,SUV,22.0
FORD Edge,3.7,6.0,2WD,SUV,22.0
FORD Escape,2.5,4.0,4WD,SUV,23.0
FORD Escape,2.5,4.0,2WD,SUV,23.0
FORD Escape,2.5,4.0,2WD,SUV,23.0
FORD Escape,2.5,4.0,2WD,SUV,25.0
FORD Escape,2.5,4.0,2WD,SUV,25.0
FORD Escape Hybrid,2.5,4.0,4WD,SUV,29.0
FORD Escape Hybrid,2.5,4.0,4WD,SUV,29.0
FORD Escape Hybrid,2.5,4.0,2WD,SUV,32.0
FORD Escape Hybrid,2.5,4.0,2WD,SUV,32.0
FORD Explorer,2.0,4.0,2WD,SUV,23.0
FORD Explorer,2.0,4.0,2WD,SUV,23.0
FORD Explorer,3.5,6.0,4WD,SUV,19.0
FORD Explorer,3.5,6.0,4WD,SUV,19.0
FORD Explorer,3.5,6.0,2WD,SUV,20.0
FORD Explorer,3.5,6.0,2WD,SUV,20.0
FORD F150,3.5,6.0,4WD,pickup,17.0
FORD F150,3.5,6.0,2WD,pickup,18.0
FORD F150,3.5,6.0,4WD,pickup,17.0
FORD F150,3.5,6.0,2WD,pickup,18.0
FORD F150,6.2,8.0,4WD,pickup,13.0
FORD F150,6.2,8.0,2WD,pickup,14.0
FORD F150 Raptor,6.2,8.0,4WD,pickup,13.0
FORD Fiesta,1.6,4.0,2WD,small car,33.0
FORD Fiesta,1.6,4.0,2WD,small car,33.0
FORD Fiesta SFE,1.6,4.0,2WD,small car,33.0
FORD Flex,3.5,6.0,4WD,SUV,18.0
FORD Flex,3.5,6.0,4WD,SUV,18.0
FORD Flex,3.5,6.0,2WD,SUV,19.0
FORD Flex,3.5,6.0,2WD,SUV,19.0
FORD Flex,3.5,6.0,4WD,SUV,18.0
FORD Flex,3.5,6.0,4WD,SUV,18.0
FORD Focus,2.0,4.0,2WD,small car,31.0
FORD Focus,2.0,4.0,2WD,small car,31.0
FORD Focus,2.0,4.0,2WD,small car,31.0
FORD Focus,2.0,4.0,2WD,small car,30.0
FORD Focus,2.0,4.0,2WD,small car,30.0
FORD Focus,2.0,4.0,2WD,small car,30.0
FORD Focus,2.0,4.0,2WD,small car,31.0
FORD Focus,2.0,4.0,2WD,small car,31.0
FORD Focus,2.0,4.0,2WD,small car,31.0
FORD Focus SFE,2.0,4.0,2WD,small car,33.0
FORD Fusion,2.5,4.0,2WD,midsize car,26.0
FORD Fusion,2.5,4.0,2WD,midsize car,26.0
FORD Fusion,2.5,4.0,2WD,midsize car,24.0
FORD Fusion,2.5,4.0,2WD,midsize car,24.0
FORD Fusion,2.5,4.0,2WD,midsize car,25.0
FORD Fusion,2.5,4.0,2WD,midsize car,25.0
FORD Fusion,3.5,6.0,4WD,midsize car,19.0
FORD Fusion,3.5,6.0,4WD,midsize car,19.0
FORD Fusion,3.5,6.0,2WD,midsize car,21.0
FORD Fusion,3.5,6.0,2WD,midsize car,21.0
FORD Fusion Hybrid,2.5,4.0,2WD,midsize car,39.0
FORD Fusion Hybrid,2.5,4.0,2WD,midsize car,39.0
FORD Fusion S,2.5,4.0,2WD,midsize car,25.0
FORD Fusion S,2.5,4.0,2WD,midsize car,25.0
FORD Mustang,3.7,6.0,2WD,small car,23.0
FORD Mustang,3.7,6.0,2WD,small car,22.0
FORD Mustang,5.0,8.0,2WD,small car,20.0
FORD Mustang,5.0,8.0,2WD,small car,20.0
FORD Mustang,5.0,8.0,2WD,small car,20.0
FORD Mustang,5.0,8.0,2WD,small car,20.0
FORD Mustang,5.4,8.0,2WD,small car,17.0
FORD Mustang,5.4,8.0,2WD,small car,17.0
FORD Mustang Convertible,3.7,6.0,2WD,small car,23.0
FORD Taurus,3.5,6.0,2WD,large car,22.0
FORD Taurus,3.5,6.0,2WD,large car,22.0
FORD Taurus,3.5,6.0,4WD,large car,20.0
FORD Taurus,3.5,6.0,4WD,large car,20.0
FORD Taurus,3.5,6.0,4WD,large car,20.0
FORD Taurus,3.5,6.0,4WD,large car,20.0
FORD Taurus,3.5,6.0,2WD,large car,21.0
FORD Taurus,3.5,6.0,2WD,large car,21.0
FORD Transit Connect,2.0,4.0,2WD,special purpose,23.0
FORD Transit Connect,2.0,4.0,2WD,special purpose,24.0
GMC Acadia,3.6,6.0,4WD,SUV,19.0
GMC Acadia,3.6,6.0,2WD,SUV,19.0
GMC Canyon,2.9,4.0,4WD,pickup,20.0
GMC Canyon,2.9,4.0,2WD,pickup,21.0
GMC Canyon,2.9,4.0,4WD,pickup,20.0
GMC Canyon,2.9,4.0,2WD,pickup,21.0
GMC Canyon,3.7,5.0,4WD,pickup,18.0
GMC Canyon,3.7,5.0,4WD,pickup,19.0
GMC Canyon,3.7,5.0,2WD,pickup,17.0
GMC Canyon,3.7,5.0,2WD,pickup,19.0
GMC Canyon,3.7,5.0,2WD,pickup,19.0
GMC Canyon,5.3,8.0,4WD,pickup,16.0
GMC Canyon,5.3,8.0,2WD,pickup,16.0
GMC Savana 1500,4.3,6.0,2WD,van,17.0
GMC Savana 1500,4.3,6.0,2WD,van,17.0
GMC Sierra 15,4.3,6.0,4WD,pickup,15.0
GMC Sierra 15,4.3,6.0,4WD,pickup,15.0
GMC Sierra 15,4.3,6.0,2WD,pickup,17.0
GMC Sierra 15,4.3,6.0,2WD,pickup,17.0
GMC Sierra 15 Hybrid,6.0,8.0,4WD,pickup,21.0
GMC Sierra 15 Hybrid,6.0,8.0,2WD,pickup,21.0
GMC Terrain,2.4,4.0,4WD,SUV,23.0
GMC Terrain,2.4,4.0,4WD,SUV,23.0
GMC Terrain,2.4,4.0,2WD,SUV,26.0
GMC Terrain,2.4,4.0,2WD,SUV,26.0
GMC Terrain,3.0,6.0,4WD,SUV,19.0
GMC Terrain,3.0,6.0,2WD,SUV,20.0
GMC Yukon 1500 Hybrid,6.0,8.0,4WD,SUV,21.0
GMC Yukon 2500 XL,6.0,8.0,2WD,SUV,12.0
GMC Yukon Denali 1500 Hybrid,6.0,8.0,4WD,SUV,21.0
GMC Yukon XL 2500,6.0,8.0,4WD,SUV,12.0
GMC Yukun 1500,6.0,8.0,2WD,SUV,21.0
HONDA Accord,2.4,4.0,2WD,small car,26.0
HONDA Accord,2.4,4.0,2WD,large car,27.0
HONDA Accord,2.4,4.0,2WD,small car,26.0
HONDA Accord,2.4,4.0,2WD,large car,27.0
HONDA Accord,2.4,4.0,2WD,small car,26.0
HONDA Accord,2.4,4.0,2WD,large car,27.0
HONDA Accord,2.4,4.0,2WD,small car,26.0
HONDA Accord,2.4,4.0,2WD,large car,27.0
HONDA Accord,2.4,4.0,2WD,small car,26.0
HONDA Accord,2.4,4.0,2WD,large car,27.0
HONDA Accord,2.4,4.0,2WD,small car,26.0
HONDA Accord,2.4,4.0,2WD,large car,27.0
HONDA Accord,3.5,6.0,2WD,large car,24.0
HONDA Accord,3.5,6.0,2WD,large car,24.0
HONDA Accord,3.5,6.0,2WD,small car,21.0
HONDA Accord,3.5,6.0,2WD,small car,21.0
HONDA Accord,3.5,6.0,2WD,small car,23.0
HONDA Accord,3.5,6.0,2WD,small car,23.0
HONDA CR-V,2.4,4.0,4WD,SUV,25.0
HONDA CR-V,2.4,4.0,4WD,SUV,25.0
HONDA CR-V,2.4,4.0,2WD,SUV,26.0
HONDA CR-V,2.4,4.0,2WD,SUV,26.0
HONDA CR-Z,1.5,4.0,2WD,small car,34.0
HONDA CR-Z,1.5,4.0,2WD,small car,34.0
HONDA CR-Z,1.5,4.0,2WD,small car,37.0
HONDA CR-Z,1.5,4.0,2WD,small car,37.0
HONDA Civic,1.8,4.0,2WD,small car,31.0
HONDA Civic,1.8,4.0,2WD,small car,31.0
HONDA Civic,1.8,4.0,2WD,small car,32.0
HONDA Civic,1.8,4.0,2WD,small car,32.0
HONDA Civic,1.8,4.0,2WD,small car,32.0
HONDA Civic,1.8,4.0,2WD,small car,32.0
HONDA Civic,1.8,4.0,2WD,small car,31.0
HONDA Civic,1.8,4.0,2WD,small car,31.0
HONDA Civic HF,1.8,4.0,2WD,small car,33.0
HONDA Civic HF,1.8,4.0,2WD,small car,33.0
HONDA Civic HF,1.8,4.0,2WD,small car,33.0
HONDA Civic HF,1.8,4.0,2WD,small car,33.0
HONDA Civic Hybrid,1.5,4.0,2WD,small car,44.0
HONDA Civic Hybrid,1.5,4.0,2WD,small car,44.0
HONDA Crosstour,2.4,4.0,2WD,SUV,24.0
HONDA Crosstour,2.4,4.0,2WD,SUV,24.0
HONDA Crosstour,3.5,6.0,4WD,SUV,21.0
HONDA Crosstour,3.5,6.0,4WD,SUV,21.0
HONDA Crosstour,3.5,6.0,2WD,SUV,21.0
HONDA Crosstour,3.5,6.0,2WD,SUV,21.0
HONDA Fit,1.5,4.0,2WD,station wagon,31.0
HONDA Fit,1.5,4.0,2WD,station wagon,31.0
HONDA Fit,1.5,4.0,2WD,station wagon,29.0
HONDA Fit,1.5,4.0,2WD,station wagon,29.0
HONDA Fit,1.5,4.0,2WD,station wagon,30.0
HONDA Fit,1.5,4.0,2WD,station wagon,30.0
HONDA Insight,1.3,4.0,2WD,small car,42.0
HONDA Insight,1.3,4.0,2WD,small car,42.0
HONDA Insight,1.3,4.0,2WD,small car,42.0
HONDA Insight,1.3,4.0,2WD,small car,42.0
HONDA Insight,1.3,4.0,2WD,small car,42.0
HONDA Insight,1.3,4.0,2WD,small car,42.0
HONDA Pilot,3.5,6.0,4WD,SUV,20.0
HONDA Pilot,3.5,6.0,4WD,SUV,20.0
HONDA Pilot,3.5,6.0,2WD,SUV,21.0
HONDA Pilot,3.5,6.0,2WD,SUV,21.0
HONDA Ridgeline,3.5,6.0,4WD,pickup,17.0
HONDA Ridgeline,3.5,6.0,4WD,pickup,17.0
HYUNDAI Accent,1.6,4.0,2WD,small car,31.0
HYUNDAI Accent,1.6,4.0,2WD,small car,31.0
HYUNDAI Accent,1.6,4.0,2WD,small car,32.0
HYUNDAI Accent,1.6,4.0,2WD,small car,32.0
HYUNDAI Azera,3.3,6.0,2WD,large car,23.0
HYUNDAI Azera,3.3,6.0,2WD,large car,23.0
HYUNDAI Elantra,1.8,4.0,2WD,midsize car,32.0
HYUNDAI Elantra,1.8,4.0,2WD,midsize car,32.0
HYUNDAI Elantra,1.8,4.0,2WD,midsize car,32.0
HYUNDAI Elantra,1.8,4.0,2WD,midsize car,32.0
HYUNDAI Elantra,1.8,4.0,2WD,midsize car,32.0
HYUNDAI Elantra Touring,2.0,4.0,2WD,station wagon,26.0
HYUNDAI Elantra Touring,2.0,4.0,2WD,station wagon,26.0
HYUNDAI Elantra Touring,2.0,4.0,2WD,station wagon,26.0
HYUNDAI Elantra Touring,2.0,4.0,2WD,station wagon,26.0
HYUNDAI Equus,5.0,8.0,2WD,large car,18.0
HYUNDAI Equus,5.0,8.0,2WD,large car,18.0
HYUNDAI Genesis,4.6,8.0,2WD,large car,19.0
HYUNDAI Genesis,4.6,8.0,2WD,large car,19.0
HYUNDAI Genesis,5.0,8.0,2WD,large car,20.0
HYUNDAI Genesis,5.0,8.0,2WD,large car,20.0
HYUNDAI Genesis Coupe,2.0,4.0,2WD,small car,23.0
HYUNDAI Genesis Coupe,2.0,4.0,2WD,small car,23.0
HYUNDAI Genesis Coupe,2.0,4.0,2WD,small car,24.0
HYUNDAI Genesis Coupe,2.0,4.0,2WD,small car,24.0
HYUNDAI Genesis Coupe,3.8,6.0,2WD,small car,20.0
HYUNDAI Genesis Coupe,3.8,6.0,2WD,small car,20.0
HYUNDAI Genesis Coupe,3.8,6.0,2WD,small car,20.0
HYUNDAI Genesis Coupe,3.8,6.0,2WD,small car,20.0
HYUNDAI Genesis R-Spec,5.0,8.0,2WD,large car,18.0
HYUNDAI Genesis R-Spec,5.0,8.0,2WD,large car,18.0
HYUNDAI Santa Fe,2.4,4.0,4WD,SUV,22.0
HYUNDAI Santa Fe,2.4,4.0,4WD,SUV,22.0
HYUNDAI Santa Fe,2.4,4.0,2WD,SUV,23.0
HYUNDAI Santa Fe,2.4,4.0,2WD,SUV,23.0
HYUNDAI Santa Fe,2.4,4.0,2WD,SUV,21.0
HYUNDAI Santa Fe,2.4,4.0,2WD,SUV,21.0
HYUNDAI Santa Fe,3.5,6.0,4WD,SUV,22.0
HYUNDAI Santa Fe,3.5,6.0,4WD,SUV,22.0
HYUNDAI Santa Fe,3.5,6.0,2WD,SUV,23.0
HYUNDAI Santa Fe,3.5,6.0,2WD,SUV,23.0
HYUNDAI Sonata,2.0,4.0,2WD,large car,26.0
HYUNDAI Sonata,2.0,4.0,2WD,large car,26.0
HYUNDAI Sonata,2.4,4.0,2WD,large car,28.0
HYUNDAI Sonata,2.4,4.0,2WD,large car,28.0
HYUNDAI Sonata,2.4,4.0,2WD,large car,28.0
HYUNDAI Sonata,2.4,4.0,2WD,large car,28.0
HYUNDAI Sonata,2.4,4.0,2WD,large car,28.0
HYUNDAI Sonata Hybrid,2.4,4.0,2WD,midsize car,36.0
HYUNDAI Sonata Hybrid,2.4,4.0,2WD,midsize car,36.0
HYUNDAI Tucson,2.0,4.0,2WD,SUV,25.0
HYUNDAI Tucson,2.0,4.0,2WD,SUV,25.0
HYUNDAI Tucson,2.0,4.0,2WD,SUV,22.0
HYUNDAI Tucson,2.0,4.0,2WD,SUV,22.0
HYUNDAI Tucson,2.4,4.0,4WD,SUV,23.0
HYUNDAI Tucson,2.4,4.0,4WD,SUV,23.0
HYUNDAI Tucson,2.4,4.0,4WD,SUV,23.0
HYUNDAI Tucson,2.4,4.0,2WD,SUV,25.0
HYUNDAI Tucson,2.4,4.0,2WD,SUV,25.0
HYUNDAI Tucson,2.4,4.0,2WD,SUV,25.0
HYUNDAI Tucson,2.4,4.0,4WD,SUV,21.0
HYUNDAI Tucson,2.4,4.0,4WD,SUV,21.0
HYUNDAI Tucson,2.4,4.0,2WD,SUV,23.0
HYUNDAI Tucson,2.4,4.0,2WD,SUV,23.0
HYUNDAI Veloster,1.6,4.0,2WD,small car,30.0
HYUNDAI Veloster,1.6,4.0,2WD,small car,30.0
HYUNDAI Veloster,1.6,4.0,2WD,small car,31.0
HYUNDAI Veloster,1.6,4.0,2WD,small car,31.0
HYUNDAI Veracruz,3.8,6.0,4WD,SUV,18.0
HYUNDAI Veracruz,3.8,6.0,4WD,SUV,18.0
HYUNDAI Veracruz,3.8,6.0,2WD,SUV,19.0
HYUNDAI Veracruz,3.8,6.0,2WD,SUV,19.0
INFINITI EX35,3.5,6.0,4WD,station wagon,19.0
INFINITI EX35,3.5,6.0,4WD,station wagon,19.0
INFINITI EX35,3.5,6.0,2WD,station wagon,20.0
INFINITI EX35,3.5,6.0,2WD,station wagon,20.0
INFINITI FX35,3.5,6.0,4WD,SUV,18.0
INFINITI FX35,3.5,6.0,4WD,SUV,18.0
INFINITI FX35,3.5,6.0,2WD,SUV,19.0
INFINITI FX35,3.5,6.0,2WD,SUV,19.0
INFINITI FX50,5.0,8.0,4WD,SUV,16.0
INFINITI FX50,5.0,8.0,4WD,SUV,16.0
INFINITI G25,2.5,6.0,2WD,midsize car,23.0
INFINITI G25,2.5,6.0,2WD,midsize car,23.0
INFINITI G25x,2.5,6.0,4WD,midsize car,22.0
INFINITI G25x,2.5,6.0,4WD,midsize car,22.0
INFINITI G37,3.7,6.0,2WD,midsize car,19.0
INFINITI G37,3.7,6.0,2WD,midsize car,19.0
INFINITI G37,3.7,6.0,2WD,midsize car,22.0
INFINITI G37,3.7,6.0,2WD,midsize car,22.0
INFINITI G37 Convertible,3.7,6.0,2WD,small car,19.0
INFINITI G37 Convertible,3.7,6.0,2WD,small car,19.0
INFINITI G37 Convertible,3.7,6.0,2WD,small car,20.0
INFINITI G37 Convertible,3.7,6.0,2WD,small car,20.0
INFINITI G37 Coupe,3.7,6.0,2WD,small car,19.0
INFINITI G37 Coupe,3.7,6.0,2WD,small car,19.0
INFINITI G37 Coupe,3.7,6.0,2WD,small car,22.0
INFINITI G37 Coupe,3.7,6.0,2WD,small car,22.0
INFINITI G37x,3.7,6.0,4WD,small car,20.0
INFINITI G37x,3.7,6.0,4WD,midsize car,20.0
INFINITI G37x,3.7,6.0,4WD,small car,20.0
INFINITI G37x,3.7,6.0,4WD,midsize car,20.0
INFINITI M35h,3.5,6.0,2WD,midsize car,29.0
INFINITI M35h,3.5,6.0,2WD,midsize car,29.0
INFINITI M37,3.7,6.0,2WD,midsize car,21.0
INFINITI M37,3.7,6.0,2WD,midsize car,21.0
INFINITI M37x,3.7,6.0,4WD,midsize car,20.0
INFINITI M37x,3.7,6.0,4WD,midsize car,20.0
INFINITI M56,5.6,8.0,2WD,midsize car,19.0
INFINITI M56,5.6,8.0,2WD,midsize car,19.0
INFINITI M56x,5.6,8.0,4WD,midsize car,18.0
INFINITI M56x,5.6,8.0,4WD,midsize car,18.0
INFINITI QX56,5.6,8.0,4WD,SUV,16.0
INFINITI QX56,5.6,8.0,4WD,SUV,16.0
INFINITI QX56,5.6,8.0,2WD,SUV,16.0
INFINITI QX56,5.6,8.0,2WD,SUV,16.0
JAGUAR Jaguar XJ LWB,5.0,8.0,2WD,large car,17.0
JAGUAR Jaguar XJ LWB,5.0,8.0,2WD,large car,18.0
JAGUAR Jaguar XJ LWB,5.0,8.0,2WD,large car,17.0
JAGUAR Jaguar XJ LWB,5.0,8.0,2WD,large car,18.0
JAGUAR XF,5.0,8.0,2WD,midsize car,17.0
JAGUAR XF,5.0,8.0,2WD,midsize car,19.0
JAGUAR XF,5.0,8.0,2WD,midsize car,17.0
JAGUAR XF,5.0,8.0,2WD,midsize car,19.0
JAGUAR XJ,5.0,8.0,2WD,large car,17.0
JAGUAR XJ,5.0,8.0,2WD,large car,19.0
JAGUAR XJ,5.0,8.0,2WD,large car,17.0
JAGUAR XJ,5.0,8.0,2WD,large car,19.0
JAGUAR XK,5.0,8.0,2WD,small car,17.0
JAGUAR XK,5.0,8.0,2WD,small car,19.0
JAGUAR XK,5.0,8.0,2WD,small car,17.0
JAGUAR XK,5.0,8.0,2WD,small car,19.0
JAGUAR XK Convertible,5.0,8.0,2WD,small car,17.0
JAGUAR XK Convertible,5.0,8.0,2WD,small car,18.0
JAGUAR XK Convertible,5.0,8.0,2WD,small car,17.0
JAGUAR XK Convertible,5.0,8.0,2WD,small car,18.0
JEEP Compass,2.0,4.0,2WD,SUV,24.0
JEEP Compass,2.0,4.0,2WD,SUV,25.0
JEEP Compass,2.0,4.0,2WD,SUV,25.0
JEEP Compass,2.4,4.0,4WD,SUV,21.0
JEEP Compass,2.4,4.0,4WD,SUV,23.0
JEEP Compass,2.4,4.0,2WD,SUV,24.0
JEEP Compass,2.4,4.0,4WD,SUV,24.0
JEEP Compass,2.4,4.0,4WD,SUV,24.0
JEEP Compass,2.4,4.0,2WD,SUV,25.0
JEEP Compass,2.4,4.0,2WD,SUV,25.0
JEEP Grand Cherokee,5.7,8.0,4WD,SUV,15.0
JEEP Grand Cherokee,5.7,8.0,2WD,SUV,16.0
JEEP Grand Cherokee SRT8,6.4,8.0,4WD,SUV,14.0
JEEP Grand Cherokee SRT8,6.4,8.0,4WD,SUV,14.0
JEEP Liberty,3.7,6.0,4WD,SUV,17.0
JEEP Liberty,3.7,6.0,2WD,SUV,18.0
JEEP Patriot,2.0,4.0,2WD,SUV,24.0
JEEP Patriot,2.0,4.0,2WD,SUV,25.0
JEEP Patriot,2.0,4.0,2WD,SUV,25.0
JEEP Patriot,2.4,4.0,4WD,SUV,21.0
JEEP Patriot,2.4,4.0,4WD,SUV,23.0
JEEP Patriot,2.4,4.0,2WD,SUV,24.0
JEEP Patriot,2.4,4.0,4WD,SUV,24.0
JEEP Patriot,2.4,4.0,4WD,SUV,24.0
JEEP Patriot,2.4,4.0,2WD,SUV,25.0
JEEP Patriot,2.4,4.0,2WD,SUV,25.0
JEEP Wrangler,3.6,6.0,4WD,SUV,18.0
JEEP Wrangler,3.6,6.0,4WD,SUV,18.0
JEEP Wrangler,3.6,6.0,4WD,SUV,18.0
JEEP Wrangler,3.6,6.0,4WD,SUV,18.0
KIA Forte,2.0,4.0,2WD,midsize car,29.0
KIA Forte,2.0,4.0,2WD,midsize car,29.0
KIA Forte,2.0,4.0,2WD,midsize car,29.0
KIA Forte,2.0,4.0,2WD,midsize car,29.0
KIA Forte,2.0,4.0,2WD,midsize car,29.0
KIA Forte,2.4,4.0,2WD,midsize car,26.0
KIA Forte,2.4,4.0,2WD,midsize car,26.0
KIA Forte,2.4,4.0,2WD,midsize car,26.0
KIA Forte,2.4,4.0,2WD,midsize car,26.0
KIA Forte,2.4,4.0,2WD,midsize car,26.0
KIA Forte Eco,2.0,4.0,2WD,midsize car,30.0
KIA Forte Eco,2.0,4.0,2WD,midsize car,30.0
KIA Forte Eco,2.0,4.0,2WD,midsize car,30.0
KIA Forte Koup,2.0,4.0,2WD,small car,29.0
KIA Forte Koup,2.0,4.0,2WD,small car,29.0
KIA Forte Koup,2.0,4.0,2WD,small car,29.0
KIA Forte Koup,2.0,4.0,2WD,small car,28.0
KIA Forte Koup,2.0,4.0,2WD,small car,28.0
KIA Forte Koup,2.4,4.0,2WD,small car,26.0
KIA Forte Koup,2.4,4.0,2WD,small car,26.0
KIA Forte Koup,2.4,4.0,2WD,small car,26.0
KIA Forte Koup,2.4,4.0,2WD,small car,26.0
KIA Forte Koup,2.4,4.0,2WD,small car,26.0
KIA Optima,2.0,4.0,2WD,midsize car,26.0
KIA Optima,2.0,4.0,2WD,midsize car,26.0
KIA Optima,2.4,4.0,2WD,midsize car,28.0
KIA Optima,2.4,4.0,2WD,midsize car,28.0
KIA Optima,2.4,4.0,2WD,midsize car,28.0
KIA Optima,2.4,4.0,2WD,midsize car,28.0
KIA Optima,2.4,4.0,2WD,midsize car,28.0
KIA Optima Hybrid,2.4,4.0,2WD,midsize car,36.0
KIA Optima Hybrid,2.4,4.0,2WD,midsize car,36.0
KIA Rio,1.6,4.0,2WD,small car,31.0
KIA Rio,1.6,4.0,2WD,small car,31.0
KIA Rio,1.6,4.0,2WD,small car,32.0
KIA Rio,1.6,4.0,2WD,small car,32.0
KIA Rondo,2.4,4.0,2WD,station wagon,22.0
KIA Rondo,2.4,4.0,2WD,station wagon,22.0
KIA Rondo,2.7,6.0,2WD,station wagon,21.0
KIA Rondo,2.7,6.0,2WD,station wagon,21.0
KIA Sedona,3.5,6.0,2WD,minivan,21.0
KIA Sedona,3.5,6.0,2WD,minivan,21.0
KIA Sorento,2.4,4.0,4WD,SUV,23.0
KIA Sorento,2.4,4.0,4WD,SUV,23.0
KIA Sorento,2.4,4.0,4WD,SUV,23.0
KIA Sorento,2.4,4.0,4WD,SUV,23.0
KIA Sorento,2.4,4.0,2WD,SUV,24.0
KIA Sorento,2.4,4.0,2WD,SUV,24.0
KIA Sorento,2.4,4.0,2WD,SUV,25.0
KIA Sorento,2.4,4.0,2WD,SUV,25.0
KIA Sorento,2.4,4.0,2WD,SUV,22.0
KIA Sorento,2.4,4.0,2WD,SUV,22.0
KIA Sorento,3.5,6.0,4WD,SUV,20.0
KIA Sorento,3.5,6.0,4WD,SUV,20.0
KIA Sorento,3.5,6.0,2WD,SUV,22.0
KIA Sorento,3.5,6.0,2WD,SUV,22.0
KIA Soul,1.6,4.0,2WD,station wagon,27.0
KIA Soul,1.6,4.0,2WD,station wagon,27.0
KIA Soul,1.6,4.0,2WD,station wagon,27.0
KIA Soul,1.6,4.0,2WD,station wagon,27.0
KIA Soul,2.0,4.0,2WD,station wagon,25.0
KIA Soul,2.0,4.0,2WD,station wagon,25.0
KIA Soul,2.0,4.0,2WD,station wagon,26.0
KIA Soul,2.0,4.0,2WD,station wagon,26.0
KIA Soul Eco,1.6,4.0,2WD,station wagon,28.0
KIA Soul Eco,1.6,4.0,2WD,station wagon,28.0
KIA Soul Eco,2.0,4.0,2WD,station wagon,26.0
KIA Soul Eco,2.0,4.0,2WD,station wagon,26.0
KIA Sportage,2.0,4.0,4WD,SUV,22.0
KIA Sportage,2.0,4.0,4WD,SUV,22.0
KIA Sportage,2.0,4.0,2WD,SUV,24.0
KIA Sportage,2.0,4.0,2WD,SUV,24.0
KIA Sportage,2.4,4.0,4WD,SUV,23.0
KIA Sportage,2.4,4.0,4WD,SUV,23.0
KIA Sportage,2.4,4.0,4WD,SUV,23.0
KIA Sportage,2.4,4.0,2WD,SUV,25.0
KIA Sportage,2.4,4.0,2WD,SUV,25.0
KIA Sportage,2.4,4.0,2WD,SUV,25.0
KIA Sportage,2.4,4.0,4WD,SUV,21.0
KIA Sportage,2.4,4.0,4WD,SUV,21.0
KIA Sportage,2.4,4.0,2WD,SUV,23.0
KIA Sportage,2.4,4.0,2WD,SUV,23.0
LAMBORGHINI Aventador Coupe,6.5,12.0,4WD,small car,13.0
LAMBORGHINI Aventador Coupe,6.5,12.0,4WD,small car,13.0
LAMBORGHINI Gallardo Coupe,5.2,10.0,4WD,small car,16.0
LAMBORGHINI Gallardo Coupe,5.2,10.0,4WD,small car,16.0
LAMBORGHINI Gallardo Coupe,5.2,10.0,4WD,small car,15.0
LAMBORGHINI Gallardo Coupe,5.2,10.0,4WD,small car,15.0
LAMBORGHINI Gallardo Spyder,5.2,10.0,4WD,small car,16.0
LAMBORGHINI Gallardo Spyder,5.2,10.0,4WD,small car,16.0
LAMBORGHINI Gallardo Spyder,5.2,10.0,4WD,small car,14.0
LAMBORGHINI Gallardo Spyder,5.2,10.0,4WD,small car,14.0
LAND ROVER LR2,3.2,6.0,4WD,SUV,17.0
LAND ROVER LR2,3.2,6.0,4WD,SUV,17.0
LAND ROVER LR4,5.0,8.0,4WD,SUV,14.0
LAND ROVER LR4,5.0,8.0,4WD,SUV,14.0
LAND ROVER Range Rover,5.0,8.0,4WD,SUV,14.0
LAND ROVER Range Rover,5.0,8.0,4WD,SUV,14.0
LAND ROVER Range Rover,5.0,8.0,4WD,SUV,14.0
LAND ROVER Range Rover,5.0,8.0,4WD,SUV,14.0
LAND ROVER Range Rover Evoque,2.0,4.0,4WD,SUV,22.0
LAND ROVER Range Rover Evoque,2.0,4.0,4WD,SUV,22.0
LAND ROVER Range Rover Sport,5.0,8.0,4WD,SUV,14.0
LAND ROVER Range Rover Sport,5.0,8.0,4WD,SUV,15.0
LAND ROVER Range Rover Sport,5.0,8.0,4WD,SUV,14.0
LAND ROVER Range Rover Sport,5.0,8.0,4WD,SUV,15.0
LEXUS CT 200h,1.8,4.0,2WD,small car,42.0
LEXUS CT 200h,1.8,4.0,2WD,small car,42.0
LEXUS ES 350,3.5,6.0,2WD,midsize car,22.0
LEXUS ES 350,3.5,6.0,2WD,midsize car,22.0
LEXUS GX 460,4.6,8.0,4WD,SUV,17.0
LEXUS GX 460,4.6,8.0,4WD,SUV,17.0
LEXUS HS 250h,2.4,4.0,2WD,small car,35.0
LEXUS HS 250h,2.4,4.0,2WD,small car,35.0
LEXUS IS 250,2.5,6.0,4WD,small car,22.0
LEXUS IS 250,2.5,6.0,4WD,small car,22.0
LEXUS IS 250/IS 250C,2.5,6.0,2WD,small car,22.0
LEXUS IS 250/IS 250C,2.5,6.0,2WD,small car,22.0
LEXUS IS 250/IS 250C,2.5,6.0,2WD,small car,25.0
LEXUS IS 250/IS 250C,2.5,6.0,2WD,small car,25.0
LEXUS IS 350,3.5,6.0,4WD,small car,21.0
LEXUS IS 350,3.5,6.0,4WD,small car,21.0
LEXUS IS 350/IS 350C,3.5,6.0,2WD,small car,22.0
LEXUS IS 350/IS 350C,3.5,6.0,2WD,small car,22.0
LEXUS IS F,5.0,8.0,2WD,small car,18.0
LEXUS IS F,5.0,8.0,2WD,small car,18.0
LEXUS LFA,4.8,10.0,2WD,small car,12.0
LEXUS LFA,4.8,10.0,2WD,small car,12.0
LEXUS LS 460,4.6,8.0,4WD,midsize car,18.0
LEXUS LS 460,4.6,8.0,4WD,midsize car,18.0
LEXUS LS 460,4.6,8.0,2WD,midsize car,19.0
LEXUS LS 460,4.6,8.0,2WD,midsize car,19.0
LEXUS LS 460 L,4.6,8.0,4WD,midsize car,18.0
LEXUS LS 460 L,4.6,8.0,4WD,midsize car,18.0
LEXUS LS 460 L,4.6,8.0,2WD,midsize car,19.0
LEXUS LS 460 L,4.6,8.0,2WD,midsize car,19.0
LEXUS LS 600h L,5.0,8.0,4WD,midsize car,20.0
LEXUS LS 600h L,5.0,8.0,4WD,midsize car,20.0
LEXUS RX 350,3.5,6.0,4WD,SUV,20.0
LEXUS RX 350,3.5,6.0,4WD,SUV,20.0
LEXUS RX 350,3.5,6.0,2WD,SUV,21.0
LEXUS RX 350,3.5,6.0,2WD,SUV,21.0
LEXUS RX 450h,3.5,6.0,4WD,SUV,29.0
LEXUS RX 450h,3.5,6.0,4WD,SUV,29.0
LEXUS RX 450h,3.5,6.0,2WD,SUV,30.0
LEXUS RX 450h,3.5,6.0,2WD,SUV,30.0
LINCOLN MKS,3.5,6.0,4WD,large car,20.0
LINCOLN MKS,3.5,6.0,4WD,large car,20.0
LINCOLN MKS,3.5,6.0,2WD,large car,20.0
LINCOLN MKS,3.5,6.0,2WD,large car,20.0
LINCOLN MKS,3.7,6.0,4WD,large car,19.0
LINCOLN MKS,3.7,6.0,4WD,large car,19.0
LINCOLN MKT,3.5,6.0,4WD,SUV,18.0
LINCOLN MKT,3.5,6.0,4WD,SUV,18.0
LINCOLN MKT,3.5,6.0,2WD,SUV,20.0
LINCOLN MKT,3.5,6.0,2WD,SUV,20.0
LINCOLN MKX,3.7,6.0,4WD,SUV,19.0
LINCOLN MKX,3.7,6.0,4WD,SUV,19.0
LINCOLN MKX,3.7,6.0,2WD,SUV,22.0
LINCOLN MKX,3.7,6.0,2WD,SUV,22.0
LINCOLN MKZ,3.5,6.0,4WD,midsize car,19.0
LINCOLN MKZ,3.5,6.0,4WD,midsize car,19.0
LINCOLN MKZ,3.5,6.0,2WD,midsize car,21.0
LINCOLN MKZ,3.5,6.0,2WD,midsize car,21.0
LINCOLN MKZ Hybrid,2.5,4.0,2WD,midsize car,39.0
LINCOLN MKZ Hybrid,2.5,4.0,2WD,midsize car,39.0
LOTUS Evora,3.5,6.0,2WD,small car,20.0
LOTUS Evora,3.5,6.0,2WD,small car,21.0
LOTUS Evora,3.5,6.0,2WD,small car,20.0
LOTUS Evora,3.5,6.0,2WD,small car,21.0
LOTUS Evora,3.5,6.0,2WD,small car,22.0
LOTUS Evora,3.5,6.0,2WD,small car,23.0
LOTUS Evora,3.5,6.0,2WD,small car,22.0
LOTUS Evora,3.5,6.0,2WD,small car,23.0
MASERATI Granturismo,4.7,8.0,2WD,small car,15.0
MASERATI Granturismo,4.7,8.0,2WD,small car,15.0
MASERATI Granturismo Convertible,4.7,8.0,2WD,small car,15.0
MASERATI Granturismo Convertible,4.7,8.0,2WD,small car,15.0
MASERATI Quattroporte,4.7,8.0,2WD,large car,15.0
MASERATI Quattroporte,4.7,8.0,2WD,large car,15.0
MAZDA 2,1.5,4.0,2WD,small car,30.0
MAZDA 2,1.5,4.0,2WD,small car,30.0
MAZDA 2,1.5,4.0,2WD,small car,32.0
MAZDA 2,1.5,4.0,2WD,small car,32.0
MAZDA 3,2.0,4.0,2WD,small car,28.0
MAZDA 3,2.0,4.0,2WD,small car,28.0
MAZDA 3,2.0,4.0,2WD,midsize car,31.0
MAZDA 3,2.0,4.0,2WD,small car,31.0
MAZDA 3,2.0,4.0,2WD,midsize car,31.0
MAZDA 3,2.0,4.0,2WD,small car,31.0
MAZDA 3,2.0,4.0,2WD,small car,27.0
MAZDA 3,2.0,4.0,2WD,small car,27.0
MAZDA 3,2.0,4.0,2WD,midsize car,32.0
MAZDA 3,2.0,4.0,2WD,small car,33.0
MAZDA 3,2.0,4.0,2WD,midsize car,32.0
MAZDA 3,2.0,4.0,2WD,small car,33.0
MAZDA 3,2.5,4.0,2WD,small car,23.0
MAZDA 3,2.5,4.0,2WD,small car,23.0
MAZDA 3,2.5,4.0,2WD,small car,23.0
MAZDA 3,2.5,4.0,2WD,small car,25.0
MAZDA 3,2.5,4.0,2WD,small car,25.0
MAZDA 3,2.5,4.0,2WD,small car,25.0
MAZDA 5,2.5,4.0,2WD,minivan,24.0
MAZDA 5,2.5,4.0,2WD,minivan,24.0
MAZDA 5,2.5,4.0,2WD,minivan,24.0
MAZDA 5,2.5,4.0,2WD,minivan,24.0
MAZDA 6,2.5,4.0,2WD,midsize car,24.0
MAZDA 6,2.5,4.0,2WD,midsize car,24.0
MAZDA 6,2.5,4.0,2WD,midsize car,25.0
MAZDA 6,2.5,4.0,2WD,midsize car,25.0
MAZDA 6,3.7,6.0,2WD,midsize car,21.0
MAZDA 6,3.7,6.0,2WD,midsize car,21.0
MAZDA CX-7,2.3,4.0,4WD,SUV,19.0
MAZDA CX-7,2.3,4.0,4WD,SUV,19.0
MAZDA CX-7,2.3,4.0,2WD,SUV,20.0
MAZDA CX-7,2.3,4.0,2WD,SUV,20.0
MAZDA CX-7,2.5,4.0,2WD,SUV,22.0
MAZDA CX-7,2.5,4.0,2WD,SUV,22.0
MAZDA CX-9,3.7,6.0,4WD,SUV,19.0
MAZDA CX-9,3.7,6.0,4WD,SUV,19.0
MAZDA CX-9,3.7,6.0,2WD,SUV,19.0
MAZDA CX-9,3.7,6.0,2WD,SUV,19.0
MAZDA MX-5,2.0,4.0,2WD,small car,24.0
MAZDA MX-5,2.0,4.0,2WD,small car,25.0
MAZDA MX-5,2.0,4.0,2WD,small car,24.0
MAZDA MX-5,2.0,4.0,2WD,small car,25.0
MAZDA MX-5,2.0,4.0,2WD,small car,23.0
MAZDA MX-5,2.0,4.0,2WD,small car,23.0
MAZDA Mazdaspeed3,2.3,4.0,2WD,midsize car,21.0
MAZDA Mazdaspeed3,2.3,4.0,2WD,midsize car,21.0
MERCEDES-BENZ C 350 4Matic (Coupe),3.5,6.0,4WD,small car,22.0
MERCEDES-BENZ C 350 4Matic (Coupe),3.5,6.0,4WD,small car,22.0
MERCEDES-BENZ C250,1.8,4.0,2WD,small car,25.0
MERCEDES-BENZ C250,1.8,4.0,2WD,small car,25.0
MERCEDES-BENZ C250,1.8,4.0,2WD,small car,25.0
MERCEDES-BENZ C250,1.8,4.0,2WD,small car,25.0
MERCEDES-BENZ C300 4Matic,3.0,6.0,4WD,small car,20.0
MERCEDES-BENZ C300 4Matic,3.0,6.0,4WD,small car,20.0
MERCEDES-BENZ C350,3.5,6.0,2WD,small car,23.0
MERCEDES-BENZ C350,3.5,6.0,2WD,small car,23.0
MERCEDES-BENZ C350,3.5,6.0,2WD,small car,22.0
MERCEDES-BENZ C350,3.5,6.0,2WD,small car,23.0
MERCEDES-BENZ C350,3.5,6.0,2WD,small car,22.0
MERCEDES-BENZ C350,3.5,6.0,2WD,small car,23.0
MERCEDES-BENZ C63 AMG,6.2,8.0,2WD,small car,15.0
MERCEDES-BENZ C63 AMG,6.2,8.0,2WD,small car,15.0
MERCEDES-BENZ C63 AMG,6.2,8.0,2WD,small car,15.0
MERCEDES-BENZ C63 AMG,6.2,8.0,2WD,small car,15.0
MERCEDES-BENZ C63 AMG Black Series,6.2,8.0,2WD,small car,15.0
MERCEDES-BENZ C63 AMG Black Series,6.2,8.0,2WD,small car,15.0
MERCEDES-BENZ CL550 4Matic,4.7,8.0,4WD,small car,18.0
MERCEDES-BENZ CL550 4Matic,4.7,8.0,4WD,small car,18.0
MERCEDES-BENZ CL600,5.5,12.0,2WD,small car,14.0
MERCEDES-BENZ CL600,5.5,12.0,2WD,small car,14.0
MERCEDES-BENZ CL63 AMG,5.5,8.0,2WD,small car,18.0
MERCEDES-BENZ CL63 AMG,5.5,8.0,2WD,small car,18.0
MERCEDES-BENZ CL65 AMG,6.0,12.0,2WD,small car,14.0
MERCEDES-BENZ CL65 AMG,6.0,12.0,2WD,small car,14.0
MERCEDES-BENZ CLS550,4.7,8.0,2WD,small car,20.0
MERCEDES-BENZ CLS550,4.7,8.0,2WD,small car,20.0
MERCEDES-BENZ CLS550 4Matic,4.7,8.0,4WD,small car,19.0
MERCEDES-BENZ CLS550 4Matic,4.7,8.0,4WD,small car,19.0
MERCEDES-BENZ CLS63 AMG,5.5,8.0,2WD,small car,19.0
MERCEDES-BENZ CLS63 AMG,5.5,8.0,2WD,small car,19.0
MERCEDES-BENZ E350,3.5,6.0,2WD,small car,22.0
MERCEDES-BENZ E350,3.5,6.0,2WD,midsize car,23.0
MERCEDES-BENZ E350,3.5,6.0,2WD,small car,22.0
MERCEDES-BENZ E350,3.5,6.0,2WD,midsize car,23.0
MERCEDES-BENZ E350,3.5,6.0,2WD,small car,22.0
MERCEDES-BENZ E350,3.5,6.0,2WD,midsize car,23.0
MERCEDES-BENZ E350,3.5,6.0,2WD,small car,22.0
MERCEDES-BENZ E350,3.5,6.0,2WD,midsize car,23.0
MERCEDES-BENZ E350 4Matic,3.5,6.0,4WD,midsize car,23.0
MERCEDES-BENZ E350 4Matic,3.5,6.0,4WD,midsize car,23.0
MERCEDES-BENZ E350 4Matic,3.5,6.0,4WD,midsize car,23.0
MERCEDES-BENZ E350 4Matic,3.5,6.0,4WD,midsize car,23.0
MERCEDES-BENZ E350 4Matic (coupe),3.5,6.0,4WD,small car,22.0
MERCEDES-BENZ E350 4Matic (coupe),3.5,6.0,4WD,small car,22.0
MERCEDES-BENZ E350 4Matic (coupe),3.5,6.0,4WD,small car,22.0
MERCEDES-BENZ E350 4Matic (coupe),3.5,6.0,4WD,small car,22.0
MERCEDES-BENZ E350 4Matic Wagon,3.5,6.0,4WD,station wagon,22.0
MERCEDES-BENZ E350 4Matic Wagon,3.5,6.0,4WD,station wagon,22.0
MERCEDES-BENZ E350 Bluetec,3.0,6.0,2WD,midsize car,25.0
MERCEDES-BENZ E350 Bluetec,3.0,6.0,2WD,midsize car,25.0
MERCEDES-BENZ E350 Convertible,3.5,6.0,2WD,small car,22.0
MERCEDES-BENZ E350 Convertible,3.5,6.0,2WD,small car,22.0
MERCEDES-BENZ E550,4.7,8.0,2WD,small car,21.0
MERCEDES-BENZ E550,4.7,8.0,2WD,small car,21.0
MERCEDES-BENZ E550 4Matic,4.7,8.0,4WD,midsize car,20.0
MERCEDES-BENZ E550 4Matic,4.7,8.0,4WD,midsize car,20.0
MERCEDES-BENZ E550 Convertible,4.7,8.0,2WD,small car,19.0
MERCEDES-BENZ E550 Convertible,4.7,8.0,2WD,small car,19.0
MERCEDES-BENZ E63 AMG,5.5,8.0,2WD,station wagon,18.0
MERCEDES-BENZ E63 AMG,5.5,8.0,2WD,midsize car,19.0
MERCEDES-BENZ E63 AMG,5.5,8.0,2WD,station wagon,18.0
MERCEDES-BENZ E63 AMG,5.5,8.0,2WD,midsize car,19.0
MERCEDES-BENZ G550,5.5,8.0,4WD,SUV,13.0
MERCEDES-BENZ G550,5.5,8.0,4WD,SUV,13.0
MERCEDES-BENZ GL350 Bluetec 4Matic,3.0,6.0,4WD,SUV,19.0
MERCEDES-BENZ GL350 Bluetec 4Matic,3.0,6.0,4WD,SUV,19.0
MERCEDES-BENZ GL450 4Matic,4.7,8.0,4WD,SUV,15.0
MERCEDES-BENZ GL450 4Matic,4.7,8.0,4WD,SUV,15.0
MERCEDES-BENZ GL550 4Matic,5.5,8.0,4WD,SUV,14.0
MERCEDES-BENZ GL550 4Matic,5.5,8.0,4WD,SUV,14.0
MERCEDES-BENZ GLK350,3.5,6.0,2WD,SUV,18.0
MERCEDES-BENZ GLK350,3.5,6.0,2WD,SUV,18.0
MERCEDES-BENZ GLK350,3.5,6.0,2WD,SUV,18.0
MERCEDES-BENZ GLK350,3.5,6.0,2WD,SUV,18.0
MERCEDES-BENZ GLK350 4Matic,3.5,6.0,4WD,SUV,18.0
MERCEDES-BENZ GLK350 4Matic,3.5,6.0,4WD,SUV,18.0
MERCEDES-BENZ GLK350 4Matic,3.5,6.0,4WD,SUV,18.0
MERCEDES-BENZ GLK350 4Matic,3.5,6.0,4WD,SUV,18.0
MERCEDES-BENZ ML350 4Matic,3.5,6.0,4WD,SUV,19.0
MERCEDES-BENZ ML350 4Matic,3.5,6.0,4WD,SUV,19.0
MERCEDES-BENZ ML350 Bluetec 4Matic,3.0,6.0,4WD,SUV,22.0
MERCEDES-BENZ ML350 Bluetec 4Matic,3.0,6.0,4WD,SUV,22.0
MERCEDES-BENZ ML550 4Matic,4.7,8.0,4WD,SUV,17.0
MERCEDES-BENZ ML550 4Matic,4.7,8.0,4WD,SUV,17.0
MERCEDES-BENZ ML63 AMG,5.5,8.0,4WD,SUV,15.0
MERCEDES-BENZ ML63 AMG,5.5,8.0,4WD,SUV,15.0
MERCEDES-BENZ Maybach 57,5.5,12.0,2WD,large car,12.0
MERCEDES-BENZ Maybach 57,5.5,12.0,2WD,large car,12.0
MERCEDES-BENZ Maybach 57S,5.5,12.0,2WD,large car,12.0
MERCEDES-BENZ Maybach 57S,5.5,12.0,2WD,large car,12.0
MERCEDES-BENZ Maybach 62,5.5,12.0,2WD,large car,12.0
MERCEDES-BENZ Maybach 62,5.5,12.0,2WD,large car,12.0
MERCEDES-BENZ Maybach 62S,5.5,12.0,2WD,large car,12.0
MERCEDES-BENZ Maybach 62S,5.5,12.0,2WD,large car,12.0
MERCEDES-BENZ Maybach Landaulet,5.5,12.0,2WD,large car,12.0
MERCEDES-BENZ Maybach Landaulet,5.5,12.0,2WD,large car,12.0
MERCEDES-BENZ R350 4Matic,3.5,6.0,4WD,SUV,18.0
MERCEDES-BENZ R350 4Matic,3.5,6.0,4WD,SUV,18.0
MERCEDES-BENZ R350 Bluetec 4Matic,3.0,6.0,4WD,SUV,20.0
MERCEDES-BENZ R350 Bluetec 4Matic,3.0,6.0,4WD,SUV,20.0
MERCEDES-BENZ S350 Bluetec 4Matic,3.0,6.0,4WD,large car,25.0
MERCEDES-BENZ S350 Bluetec 4Matic,3.0,6.0,4WD,large car,25.0
MERCEDES-BENZ S550,4.7,8.0,2WD,large car,19.0
MERCEDES-BENZ S550,4.7,8.0,2WD,large car,19.0
MERCEDES-BENZ S550 4Matic,4.7,8.0,4WD,large car,18.0
MERCEDES-BENZ S550 4Matic,4.7,8.0,4WD,large car,18.0
MERCEDES-BENZ S600,5.5,12.0,2WD,large car,14.0
MERCEDES-BENZ S600,5.5,12.0,2WD,large car,14.0
MERCEDES-BENZ S63 AMG,5.5,8.0,2WD,large car,18.0
MERCEDES-BENZ S63 AMG,5.5,8.0,2WD,large car,18.0
MERCEDES-BENZ S65 AMG,6.0,12.0,2WD,large car,14.0
MERCEDES-BENZ S65 AMG,6.0,12.0,2WD,large car,14.0
MERCEDES-BENZ SL550,5.5,8.0,2WD,small car,17.0
MERCEDES-BENZ SL550,5.5,8.0,2WD,small car,17.0
MERCEDES-BENZ SL63 AMG,6.2,8.0,2WD,small car,14.0
MERCEDES-BENZ SL63 AMG,6.2,8.0,2WD,small car,14.0
MERCEDES-BENZ SLK 250,1.8,4.0,2WD,small car,26.0
MERCEDES-BENZ SLK 250,1.8,4.0,2WD,small car,26.0
MERCEDES-BENZ SLK 250,1.8,4.0,2WD,small car,26.0
MERCEDES-BENZ SLK 250,1.8,4.0,2WD,small car,26.0
MERCEDES-BENZ SLK350,3.5,6.0,2WD,small car,23.0
MERCEDES-BENZ SLK350,3.5,6.0,2WD,small car,23.0
MERCEDES-BENZ SLK55 AMG,5.5,8.0,2WD,small car,22.0
MERCEDES-BENZ SLK55 AMG,5.5,8.0,2WD,small car,22.0
MERCEDES-BENZ SLS AMG,6.2,8.0,2WD,small car,16.0
MERCEDES-BENZ SLS AMG,6.2,8.0,2WD,small car,16.0
MERCEDES-BENZ SLS AMG Roadster,6.2,8.0,2WD,small car,16.0
MERCEDES-BENZ SLS AMG Roadster,6.2,8.0,2WD,small car,16.0
MINI Cooper,1.6,4.0,2WD,small car,32.0
MINI Cooper,1.6,4.0,2WD,small car,32.0
MINI Cooper,1.6,4.0,2WD,small car,32.0
MINI Cooper,1.6,4.0,2WD,small car,32.0
MINI Cooper,1.6,4.0,2WD,small car,31.0
MINI Cooper,1.6,4.0,2WD,small car,31.0
MINI Cooper,1.6,4.0,2WD,small car,31.0
MINI Cooper,1.6,4.0,2WD,small car,31.0
MINI Cooper Clubman,1.6,4.0,2WD,small car,30.0
MINI Cooper Clubman,1.6,4.0,2WD,small car,30.0
MINI Cooper Clubman,1.6,4.0,2WD,small car,30.0
MINI Cooper Clubman,1.6,4.0,2WD,small car,30.0
MINI Cooper Convertible,1.6,4.0,2WD,small car,30.0
MINI Cooper Convertible,1.6,4.0,2WD,small car,30.0
MINI Cooper Convertible,1.6,4.0,2WD,small car,30.0
MINI Cooper Convertible,1.6,4.0,2WD,small car,30.0
MINI Cooper Countryman,1.6,4.0,2WD,small car,30.0
MINI Cooper Countryman,1.6,4.0,2WD,small car,30.0
MINI Cooper Countryman,1.6,4.0,2WD,small car,27.0
MINI Cooper Countryman,1.6,4.0,2WD,small car,27.0
MINI Cooper Roadster,1.6,4.0,2WD,small car,30.0
MINI Cooper Roadster,1.6,4.0,2WD,small car,30.0
MINI Cooper Roadster,1.6,4.0,2WD,small car,30.0
MINI Cooper Roadster,1.6,4.0,2WD,small car,30.0
MINI Cooper S,1.6,4.0,2WD,small car,30.0
MINI Cooper S,1.6,4.0,2WD,small car,30.0
MINI Cooper S,1.6,4.0,2WD,small car,30.0
MINI Cooper S,1.6,4.0,2WD,small car,30.0
MINI Cooper S,1.6,4.0,2WD,small car,29.0
MINI Cooper S,1.6,4.0,2WD,small car,29.0
MINI Cooper S,1.6,4.0,2WD,small car,29.0
MINI Cooper S,1.6,4.0,2WD,small car,29.0
MINI Cooper S Clubman,1.6,4.0,2WD,small car,30.0
MINI Cooper S Clubman,1.6,4.0,2WD,small car,30.0
MINI Cooper S Clubman,1.6,4.0,2WD,small car,29.0
MINI Cooper S Clubman,1.6,4.0,2WD,small car,29.0
MINI Cooper S Convertible,1.6,4.0,2WD,small car,30.0
MINI Cooper S Convertible,1.6,4.0,2WD,small car,30.0
MINI Cooper S Convertible,1.6,4.0,2WD,small car,29.0
MINI Cooper S Convertible,1.6,4.0,2WD,small car,29.0
MINI Cooper S Countryman,1.6,4.0,4WD,small car,28.0
MINI Cooper S Countryman,1.6,4.0,4WD,small car,28.0
MINI Cooper S Countryman,1.6,4.0,2WD,small car,29.0
MINI Cooper S Countryman,1.6,4.0,2WD,small car,29.0
MINI Cooper S Countryman,1.6,4.0,4WD,small car,26.0
MINI Cooper S Countryman,1.6,4.0,4WD,small car,26.0
MINI Cooper S Countryman,1.6,4.0,2WD,small car,28.0
MINI Cooper S Countryman,1.6,4.0,2WD,small car,28.0
MINI Cooper S Roadster,1.6,4.0,2WD,small car,30.0
MINI Cooper S Roadster,1.6,4.0,2WD,small car,30.0
MINI Cooper S Roadster,1.6,4.0,2WD,small car,29.0
MINI Cooper S Roadster,1.6,4.0,2WD,small car,29.0
MINI Cooper Works,1.6,4.0,2WD,small car,28.0
MINI Cooper Works,1.6,4.0,2WD,small car,28.0
MINI Cooper Works Roadster,1.6,4.0,2WD,small car,28.0
MINI Cooper Works Roadster,1.6,4.0,2WD,small car,28.0
MINI John Cooper Works,1.6,4.0,2WD,small car,28.0
MINI John Cooper Works,1.6,4.0,2WD,small car,28.0
MINI John Cooper Works Clubman,1.6,4.0,2WD,small car,28.0
MINI John Cooper Works Clubman,1.6,4.0,2WD,small car,28.0
MINI John Cooper Works Conv,1.6,4.0,2WD,small car,28.0
MINI John Cooper Works Conv,1.6,4.0,2WD,small car,28.0
MITSUBISHI Eclipse,2.4,4.0,2WD,small car,23.0
MITSUBISHI Eclipse,2.4,4.0,2WD,small car,23.0
MITSUBISHI Eclipse,2.4,4.0,2WD,small car,23.0
MITSUBISHI Eclipse,2.4,4.0,2WD,small car,23.0
MITSUBISHI Eclipse,2.4,4.0,2WD,small car,23.0
MITSUBISHI Eclipse,2.4,4.0,2WD,small car,23.0
MITSUBISHI Eclipse,3.8,6.0,2WD,small car,20.0
MITSUBISHI Eclipse,3.8,6.0,2WD,small car,20.0
MITSUBISHI Eclipse Spyder,2.4,4.0,2WD,small car,23.0
MITSUBISHI Eclipse Spyder,2.4,4.0,2WD,small car,23.0
MITSUBISHI Eclipse Spyder,2.4,4.0,2WD,small car,23.0
MITSUBISHI Eclipse Spyder,3.8,6.0,2WD,small car,19.0
MITSUBISHI Eclipse Spyder,3.8,6.0,2WD,small car,19.0
MITSUBISHI Galant,2.4,4.0,2WD,midsize car,24.0
MITSUBISHI Galant,2.4,4.0,2WD,midsize car,24.0
MITSUBISHI Lancer,2.0,4.0,4WD,small car,20.0
MITSUBISHI Lancer,2.0,4.0,4WD,small car,20.0
MITSUBISHI Lancer,2.0,4.0,2WD,small car,28.0
MITSUBISHI Lancer,2.0,4.0,2WD,small car,28.0
MITSUBISHI Lancer,2.0,4.0,2WD,small car,29.0
MITSUBISHI Lancer,2.0,4.0,2WD,small car,29.0
MITSUBISHI Lancer,2.4,4.0,2WD,small car,26.0
MITSUBISHI Lancer,2.4,4.0,2WD,small car,26.0
MITSUBISHI Lancer,2.4,4.0,4WD,small car,25.0
MITSUBISHI Lancer,2.4,4.0,4WD,small car,25.0
MITSUBISHI Lancer,2.4,4.0,2WD,small car,26.0
MITSUBISHI Lancer,2.4,4.0,2WD,small car,26.0
MITSUBISHI Lancer Evolution,2.0,4.0,4WD,small car,19.0
MITSUBISHI Lancer Evolution,2.0,4.0,4WD,small car,19.0
MITSUBISHI Lancer Evolution,2.0,4.0,4WD,small car,19.0
MITSUBISHI Lancer Evolution,2.0,4.0,4WD,small car,19.0
MITSUBISHI Lancer Sportback,2.0,4.0,2WD,station wagon,27.0
MITSUBISHI Lancer Sportback,2.0,4.0,2WD,station wagon,27.0
MITSUBISHI Lancer Sportback,2.4,4.0,2WD,station wagon,25.0
MITSUBISHI Lancer Sportback,2.4,4.0,2WD,station wagon,25.0
MITSUBISHI Outlander,2.4,4.0,4WD,SUV,24.0
MITSUBISHI Outlander,2.4,4.0,4WD,SUV,24.0
MITSUBISHI Outlander,2.4,4.0,2WD,SUV,25.0
MITSUBISHI Outlander,2.4,4.0,2WD,SUV,25.0
MITSUBISHI Outlander,2.4,4.0,2WD,SUV,25.0
MITSUBISHI Outlander,2.4,4.0,2WD,SUV,25.0
MITSUBISHI Outlander,3.0,6.0,4WD,SUV,21.0
MITSUBISHI Outlander,3.0,6.0,4WD,SUV,21.0
MITSUBISHI Outlander,3.0,6.0,2WD,SUV,22.0
MITSUBISHI Outlander,3.0,6.0,2WD,SUV,22.0
MITSUBISHI Outlander Sport,2.0,4.0,2WD,SUV,26.0
MITSUBISHI Outlander Sport,2.0,4.0,2WD,SUV,26.0
MITSUBISHI Outlander Sport,2.0,4.0,4WD,SUV,25.0
MITSUBISHI Outlander Sport,2.0,4.0,4WD,SUV,25.0
MITSUBISHI Outlander Sport,2.0,4.0,2WD,SUV,27.0
MITSUBISHI Outlander Sport,2.0,4.0,2WD,SUV,27.0
McLAREN MP4-12C Coupe,3.8,8.0,2WD,small car,18.0
McLAREN MP4-12C Coupe,3.8,8.0,2WD,small car,18.0
NISSAN 370Z,3.7,6.0,2WD,small car,21.0
NISSAN 370Z,3.7,6.0,2WD,small car,21.0
NISSAN 370Z,3.7,6.0,2WD,small car,22.0
NISSAN 370Z,3.7,6.0,2WD,small car,22.0
NISSAN 370Z Roadster,3.7,6.0,2WD,small car,20.0
NISSAN 370Z Roadster,3.7,6.0,2WD,small car,20.0
NISSAN 370Z Roadster,3.7,6.0,2WD,small car,21.0
NISSAN 370Z Roadster,3.7,6.0,2WD,small car,21.0
NISSAN Altima,2.5,4.0,2WD,midsize car,27.0
NISSAN Altima,2.5,4.0,2WD,midsize car,27.0
NISSAN Altima,2.5,4.0,2WD,midsize car,27.0
NISSAN Altima,3.5,6.0,2WD,midsize car,23.0
NISSAN Altima,3.5,6.0,2WD,midsize car,23.0
NISSAN Altima,3.5,6.0,2WD,midsize car,23.0
NISSAN Altima Coupe,2.5,4.0,2WD,small car,26.0
NISSAN Altima Coupe,2.5,4.0,2WD,small car,26.0
NISSAN Altima Coupe,2.5,4.0,2WD,small car,26.0
NISSAN Altima Coupe,2.5,4.0,2WD,small car,26.0
NISSAN Altima Coupe,2.5,4.0,2WD,small car,26.0
NISSAN Altima Coupe,2.5,4.0,2WD,small car,26.0
NISSAN Altima Coupe,3.5,6.0,2WD,small car,21.0
NISSAN Altima Coupe,3.5,6.0,2WD,small car,21.0
NISSAN Altima Coupe,3.5,6.0,2WD,small car,21.0
NISSAN Altima Coupe,3.5,6.0,2WD,small car,23.0
NISSAN Altima Coupe,3.5,6.0,2WD,small car,23.0
NISSAN Altima Coupe,3.5,6.0,2WD,small car,23.0
NISSAN Armada,5.6,8.0,4WD,SUV,14.0
NISSAN Armada,5.6,8.0,4WD,SUV,14.0
NISSAN Armada,5.6,8.0,2WD,SUV,15.0
NISSAN Armada,5.6,8.0,2WD,SUV,15.0
NISSAN Cube,1.8,4.0,2WD,station wagon,28.0
NISSAN Cube,1.8,4.0,2WD,station wagon,28.0
NISSAN Cube,1.8,4.0,2WD,station wagon,28.0
NISSAN Cube,1.8,4.0,2WD,station wagon,27.0
NISSAN Cube,1.8,4.0,2WD,station wagon,27.0
NISSAN Cube,1.8,4.0,2WD,station wagon,27.0
NISSAN Frontier,2.5,4.0,2WD,pickup,19.0
NISSAN Frontier,2.5,4.0,2WD,pickup,19.0
NISSAN Frontier,2.5,4.0,2WD,pickup,21.0
NISSAN Frontier,2.5,4.0,2WD,pickup,21.0
NISSAN Frontier,4.0,6.0,4WD,pickup,16.0
NISSAN Frontier,4.0,6.0,4WD,pickup,16.0
NISSAN Frontier,4.0,6.0,4WD,pickup,16.0
NISSAN Frontier,4.0,6.0,2WD,pickup,17.0
NISSAN Frontier,4.0,6.0,2WD,pickup,17.0
NISSAN Frontier,4.0,6.0,2WD,pickup,17.0
NISSAN Frontier,4.0,6.0,4WD,pickup,17.0
NISSAN Frontier,4.0,6.0,4WD,pickup,17.0
NISSAN Frontier,4.0,6.0,4WD,pickup,17.0
NISSAN Frontier,4.0,6.0,2WD,pickup,17.0
NISSAN Frontier,4.0,6.0,2WD,pickup,17.0
NISSAN Frontier,4.0,6.0,2WD,pickup,17.0
NISSAN GT-R,3.8,6.0,4WD,small car,19.0
NISSAN GT-R,3.8,6.0,4WD,small car,19.0
NISSAN Maxima,3.5,6.0,2WD,midsize car,22.0
NISSAN Maxima,3.5,6.0,2WD,midsize car,22.0
NISSAN Maxima,3.5,6.0,2WD,midsize car,22.0
NISSAN Murano,3.5,6.0,4WD,SUV,20.0
NISSAN Murano,3.5,6.0,4WD,SUV,20.0
NISSAN Murano,3.5,6.0,4WD,SUV,20.0
NISSAN Murano,3.5,6.0,2WD,SUV,20.0
NISSAN Murano,3.5,6.0,2WD,SUV,20.0
NISSAN Murano,3.5,6.0,2WD,SUV,20.0
NISSAN Murano CrossCabriolet,3.5,6.0,4WD,SUV,19.0
NISSAN Murano CrossCabriolet,3.5,6.0,4WD,SUV,19.0
NISSAN Pathfinder,4.0,6.0,4WD,SUV,16.0
NISSAN Pathfinder,4.0,6.0,4WD,SUV,16.0
NISSAN Pathfinder,4.0,6.0,4WD,SUV,16.0
NISSAN Pathfinder,4.0,6.0,2WD,SUV,17.0
NISSAN Pathfinder,4.0,6.0,2WD,SUV,17.0
NISSAN Pathfinder,5.6,8.0,4WD,SUV,14.0
NISSAN Pathfinder,5.6,8.0,4WD,SUV,14.0
NISSAN Quest,3.5,6.0,2WD,minivan,21.0
NISSAN Quest,3.5,6.0,2WD,minivan,21.0
NISSAN Quest,3.5,6.0,2WD,minivan,21.0
NISSAN Rogue,2.5,4.0,4WD,SUV,24.0
NISSAN Rogue,2.5,4.0,4WD,SUV,24.0
NISSAN Rogue,2.5,4.0,4WD,SUV,24.0
NISSAN Rogue,2.5,4.0,2WD,SUV,25.0
NISSAN Rogue,2.5,4.0,2WD,SUV,25.0
NISSAN Rogue,2.5,4.0,2WD,SUV,25.0
NISSAN Sentra,2.0,4.0,2WD,midsize car,30.0
NISSAN Sentra,2.0,4.0,2WD,midsize car,30.0
NISSAN Sentra,2.0,4.0,2WD,midsize car,30.0
NISSAN Sentra,2.0,4.0,2WD,midsize car,27.0
NISSAN Sentra,2.0,4.0,2WD,midsize car,27.0
NISSAN Sentra,2.0,4.0,2WD,midsize car,27.0
NISSAN Sentra,2.5,4.0,2WD,midsize car,24.0
NISSAN Sentra,2.5,4.0,2WD,midsize car,24.0
NISSAN Sentra,2.5,4.0,2WD,midsize car,26.0
NISSAN Sentra,2.5,4.0,2WD,midsize car,26.0
NISSAN Titan,5.6,8.0,4WD,pickup,14.0
NISSAN Titan,5.6,8.0,4WD,pickup,14.0
NISSAN Titan,5.6,8.0,2WD,pickup,15.0
NISSAN Titan,5.6,8.0,2WD,pickup,15.0
NISSAN Versa,1.6,4.0,2WD,small car,33.0
NISSAN Versa,1.6,4.0,2WD,small car,33.0
NISSAN Versa,1.6,4.0,2WD,small car,30.0
NISSAN Versa,1.6,4.0,2WD,small car,30.0
NISSAN Versa,1.8,4.0,2WD,small car,27.0
NISSAN Versa,1.8,4.0,2WD,small car,27.0
NISSAN Versa,1.8,4.0,2WD,small car,30.0
NISSAN Versa,1.8,4.0,2WD,small car,30.0
NISSAN Versa,1.8,4.0,2WD,small car,28.0
NISSAN Versa,1.8,4.0,2WD,small car,28.0
NISSAN Xterra,4.0,6.0,4WD,SUV,17.0
NISSAN Xterra,4.0,6.0,4WD,SUV,17.0
NISSAN Xterra,4.0,6.0,4WD,SUV,17.0
NISSAN Xterra,4.0,6.0,2WD,SUV,18.0
NISSAN Xterra,4.0,6.0,2WD,SUV,18.0
NISSAN Xterra,4.0,6.0,2WD,SUV,18.0
NISSAN Xterra,4.0,6.0,4WD,SUV,17.0
NISSAN Xterra,4.0,6.0,4WD,SUV,17.0
NISSAN Xterra,4.0,6.0,4WD,SUV,17.0
PORSCHE 911 C4 GTS,3.8,6.0,4WD,small car,21.0
PORSCHE 911 C4 GTS,3.8,6.0,4WD,small car,21.0
PORSCHE 911 C4 GTS,3.8,6.0,4WD,small car,21.0
PORSCHE 911 C4 GTS,3.8,6.0,4WD,small car,21.0
PORSCHE 911 C4 GTS Cabriolet,3.8,6.0,4WD,small car,21.0
PORSCHE 911 C4 GTS Cabriolet,3.8,6.0,4WD,small car,21.0
PORSCHE 911 C4 GTS Cabriolet,3.8,6.0,4WD,small car,20.0
PORSCHE 911 C4 GTS Cabriolet,3.8,6.0,4WD,small car,20.0
PORSCHE 911 Carrera,3.6,6.0,2WD,small car,22.0
PORSCHE 911 Carrera,3.6,6.0,2WD,small car,22.0
PORSCHE 911 Carrera,3.6,6.0,2WD,small car,21.0
PORSCHE 911 Carrera,3.6,6.0,2WD,small car,21.0
PORSCHE 911 Carrera 4,3.6,6.0,4WD,small car,21.0
PORSCHE 911 Carrera 4,3.6,6.0,4WD,small car,21.0
PORSCHE 911 Carrera 4,3.6,6.0,4WD,small car,21.0
PORSCHE 911 Carrera 4,3.6,6.0,4WD,small car,21.0
PORSCHE 911 Carrera 4 Cabriolet,3.6,6.0,4WD,small car,21.0
PORSCHE 911 Carrera 4 Cabriolet,3.6,6.0,4WD,small car,21.0
PORSCHE 911 Carrera 4 Cabriolet,3.6,6.0,4WD,small car,21.0
PORSCHE 911 Carrera 4 Cabriolet,3.6,6.0,4WD,small car,21.0
PORSCHE 911 Carrera 4 Targa,3.6,6.0,4WD,small car,21.0
PORSCHE 911 Carrera 4 Targa,3.6,6.0,4WD,small car,21.0
PORSCHE 911 Carrera 4 Targa,3.6,6.0,4WD,small car,21.0
PORSCHE 911 Carrera 4 Targa,3.6,6.0,4WD,small car,21.0
PORSCHE 911 Carrera 4S,3.8,6.0,4WD,small car,21.0
PORSCHE 911 Carrera 4S,3.8,6.0,4WD,small car,21.0
PORSCHE 911 Carrera 4S,3.8,6.0,4WD,small car,21.0
PORSCHE 911 Carrera 4S,3.8,6.0,4WD,small car,21.0
PORSCHE 911 Carrera 4S Cabriolet,3.8,6.0,4WD,small car,21.0
PORSCHE 911 Carrera 4S Cabriolet,3.8,6.0,4WD,small car,21.0
PORSCHE 911 Carrera 4S Cabriolet,3.8,6.0,4WD,small car,20.0
PORSCHE 911 Carrera 4S Cabriolet,3.8,6.0,4WD,small car,20.0
PORSCHE 911 Carrera 4S Targa,3.8,6.0,4WD,small car,21.0
PORSCHE 911 Carrera 4S Targa,3.8,6.0,4WD,small car,21.0
PORSCHE 911 Carrera 4S Targa,3.8,6.0,4WD,small car,20.0
PORSCHE 911 Carrera 4S Targa,3.8,6.0,4WD,small car,20.0
PORSCHE 911 Carrera Cabriolet,3.6,6.0,2WD,small car,21.0
PORSCHE 911 Carrera Cabriolet,3.6,6.0,2WD,small car,21.0
PORSCHE 911 Carrera Cabriolet,3.6,6.0,2WD,small car,21.0
PORSCHE 911 Carrera Cabriolet,3.6,6.0,2WD,small car,21.0
PORSCHE 911 Carrera S,3.8,6.0,2WD,small car,22.0
PORSCHE 911 Carrera S,3.8,6.0,2WD,small car,22.0
PORSCHE 911 Carrera S,3.8,6.0,2WD,small car,21.0
PORSCHE 911 Carrera S,3.8,6.0,2WD,small car,21.0
PORSCHE 911 Carrera S Cabriolet,3.8,6.0,2WD,small car,21.0
PORSCHE 911 Carrera S Cabriolet,3.8,6.0,2WD,small car,21.0
PORSCHE 911 Carrera S Cabriolet,3.8,6.0,2WD,small car,21.0
PORSCHE 911 Carrera S Cabriolet,3.8,6.0,2WD,small car,21.0
PORSCHE 911 GTS,3.8,6.0,2WD,small car,22.0
PORSCHE 911 GTS,3.8,6.0,2WD,small car,22.0
PORSCHE 911 GTS,3.8,6.0,2WD,small car,21.0
PORSCHE 911 GTS,3.8,6.0,2WD,small car,21.0
PORSCHE 911 GTS Cabriolet,3.8,6.0,2WD,small car,21.0
PORSCHE 911 GTS Cabriolet,3.8,6.0,2WD,small car,21.0
PORSCHE 911 GTS Cabriolet,3.8,6.0,2WD,small car,21.0
PORSCHE 911 GTS Cabriolet,3.8,6.0,2WD,small car,21.0
PORSCHE 911 Speedster,3.8,6.0,2WD,small car,21.0
PORSCHE 911 Speedster,3.8,6.0,2WD,small car,21.0
PORSCHE 911 Turbo,3.8,6.0,2WD,small car,19.0
PORSCHE 911 Turbo,3.8,6.0,2WD,small car,19.0
PORSCHE 911 Turbo,3.8,6.0,2WD,small car,19.0
PORSCHE 911 Turbo,3.8,6.0,2WD,small car,19.0
PORSCHE 911 Turbo Cabriolet,3.8,6.0,2WD,small car,19.0
PORSCHE 911 Turbo Cabriolet,3.8,6.0,2WD,small car,19.0
PORSCHE 911 Turbo Cabriolet,3.8,6.0,2WD,small car,19.0
PORSCHE 911 Turbo Cabriolet,3.8,6.0,2WD,small car,19.0
PORSCHE 911 Turbo S Cabriolet,3.8,6.0,2WD,small car,19.0
PORSCHE 911 Turbo S Cabriolet,3.8,6.0,2WD,small car,19.0
PORSCHE 911 Turbo S Coupe,3.8,6.0,2WD,small car,19.0
PORSCHE 911 Turbo S Coupe,3.8,6.0,2WD,small car,19.0
PORSCHE Boxster,2.9,6.0,2WD,small car,24.0
PORSCHE Boxster,2.9,6.0,2WD,small car,24.0
PORSCHE Boxster,2.9,6.0,2WD,small car,22.0
PORSCHE Boxster,2.9,6.0,2WD,small car,22.0
PORSCHE Boxster S,3.4,6.0,2WD,small car,23.0
PORSCHE Boxster S,3.4,6.0,2WD,small car,23.0
PORSCHE Boxster S,3.4,6.0,2WD,small car,22.0
PORSCHE Boxster S,3.4,6.0,2WD,small car,22.0
PORSCHE Boxster Spyder,3.4,6.0,2WD,small car,23.0
PORSCHE Boxster Spyder,3.4,6.0,2WD,small car,23.0
PORSCHE Boxster Spyder,3.4,6.0,2WD,small car,22.0
PORSCHE Boxster Spyder,3.4,6.0,2WD,small car,22.0
PORSCHE Cayenna S Hybrid,3.0,6.0,4WD,SUV,21.0
PORSCHE Cayenna S Hybrid,3.0,6.0,4WD,SUV,21.0
PORSCHE Cayenne,3.6,6.0,4WD,SUV,17.0
PORSCHE Cayenne,3.6,6.0,4WD,SUV,17.0
PORSCHE Cayenne,3.6,6.0,4WD,SUV,19.0
PORSCHE Cayenne,3.6,6.0,4WD,SUV,19.0
PORSCHE Cayenne S,4.8,8.0,4WD,SUV,18.0
PORSCHE Cayenne S,4.8,8.0,4WD,SUV,18.0
PORSCHE Cayenne Turbo,4.8,8.0,4WD,SUV,17.0
PORSCHE Cayenne Turbo,4.8,8.0,4WD,SUV,17.0
PORSCHE Cayman,2.9,6.0,2WD,small car,24.0
PORSCHE Cayman,2.9,6.0,2WD,small car,24.0
PORSCHE Cayman,2.9,6.0,2WD,small car,22.0
PORSCHE Cayman,2.9,6.0,2WD,small car,22.0
PORSCHE Cayman R,3.4,6.0,2WD,small car,23.0
PORSCHE Cayman R,3.4,6.0,2WD,small car,23.0
PORSCHE Cayman R,3.4,6.0,2WD,small car,22.0
PORSCHE Cayman R,3.4,6.0,2WD,small car,22.0
PORSCHE Cayman S,3.4,6.0,2WD,small car,23.0
PORSCHE Cayman S,3.4,6.0,2WD,small car,23.0
PORSCHE Cayman S,3.4,6.0,2WD,small car,22.0
PORSCHE Cayman S,3.4,6.0,2WD,small car,22.0
PORSCHE New 911 Carrera,3.4,6.0,2WD,small car,23.0
PORSCHE New 911 Carrera,3.4,6.0,2WD,small car,23.0
PORSCHE New 911 Carrera,3.4,6.0,2WD,small car,22.0
PORSCHE New 911 Carrera,3.4,6.0,2WD,small car,22.0
PORSCHE New 911 Carrera Cabriolet,3.4,6.0,2WD,small car,23.0
PORSCHE New 911 Carrera Cabriolet,3.4,6.0,2WD,small car,23.0
PORSCHE New 911 Carrera Cabriolet,3.4,6.0,2WD,small car,22.0
PORSCHE New 911 Carrera Cabriolet,3.4,6.0,2WD,small car,22.0
PORSCHE New 911 Carrera S,3.8,6.0,2WD,small car,22.0
PORSCHE New 911 Carrera S,3.8,6.0,2WD,small car,22.0
PORSCHE New 911 Carrera S,3.8,6.0,2WD,small car,22.0
PORSCHE New 911 Carrera S,3.8,6.0,2WD,small car,22.0
PORSCHE New 911 Carrera S Cabriolet,3.8,6.0,2WD,small car,22.0
PORSCHE New 911 Carrera S Cabriolet,3.8,6.0,2WD,small car,22.0
PORSCHE New 911 Carrera S Cabriolet,3.8,6.0,2WD,small car,22.0
PORSCHE New 911 Carrera S Cabriolet,3.8,6.0,2WD,small car,22.0
PORSCHE Panamera,3.6,6.0,2WD,large car,21.0
PORSCHE Panamera,3.6,6.0,2WD,large car,21.0
PORSCHE Panamera 4,3.6,6.0,4WD,large car,21.0
PORSCHE Panamera 4,3.6,6.0,4WD,large car,21.0
PORSCHE Panamera 4S,4.8,8.0,4WD,large car,19.0
PORSCHE Panamera 4S,4.8,8.0,4WD,large car,19.0
PORSCHE Panamera S,4.8,8.0,2WD,large car,19.0
PORSCHE Panamera S,4.8,8.0,2WD,large car,19.0
PORSCHE Panamera S Hybrid,3.0,6.0,2WD,large car,25.0
PORSCHE Panamera S Hybrid,3.0,6.0,2WD,large car,25.0
PORSCHE Panamera Turbo,4.8,8.0,4WD,large car,18.0
PORSCHE Panamera Turbo,4.8,8.0,4WD,large car,18.0
PORSCHE Panamera Turbo S,4.8,8.0,4WD,large car,18.0
PORSCHE Panamera Turbo S,4.8,8.0,4WD,large car,18.0
ROLLS-ROYCE Ghost,6.6,12.0,2WD,large car,15.0
ROLLS-ROYCE Ghost,6.6,12.0,2WD,large car,15.0
ROLLS-ROYCE Ghost EWB,6.6,12.0,2WD,large car,15.0
ROLLS-ROYCE Ghost EWB,6.6,12.0,2WD,large car,15.0
ROLLS-ROYCE Phantom,6.7,12.0,2WD,large car,14.0
ROLLS-ROYCE Phantom,6.7,12.0,2WD,large car,14.0
ROLLS-ROYCE Phantom Coupe,6.7,12.0,2WD,small car,14.0
ROLLS-ROYCE Phantom Coupe,6.7,12.0,2WD,small car,14.0
ROLLS-ROYCE Phantom Drophead Coupe,6.7,12.0,2WD,small car,14.0
ROLLS-ROYCE Phantom Drophead Coupe,6.7,12.0,2WD,small car,14.0
ROLLS-ROYCE Phantom EWB,6.7,12.0,2WD,large car,14.0
ROLLS-ROYCE Phantom EWB,6.7,12.0,2WD,large car,14.0
ROUSH Stage 3 Mustang,5.0,8.0,2WD,small car,18.0
ROUSH Stage 3 Mustang,5.0,8.0,2WD,small car,16.0
ROUSH Stage 3 Mustang,5.0,8.0,2WD,small car,16.0
SAAB 9-3,2.0,4.0,4WD,small car,24.0
SAAB 9-3,2.0,4.0,4WD,small car,24.0
SAAB 9-3,2.0,4.0,4WD,small car,22.0
SAAB 9-3,2.0,4.0,4WD,small car,22.0
SAAB 9-3X Sportcombi,2.0,4.0,4WD,station wagon,24.0
SAAB 9-3X Sportcombi,2.0,4.0,4WD,station wagon,24.0
SAAB 9-3X Sportcombi,2.0,4.0,4WD,station wagon,22.0
SAAB 9-3X Sportcombi,2.0,4.0,4WD,station wagon,22.0
SAAB 9-4X,2.8,6.0,4WD,SUV,18.0
SAAB 9-4X,2.8,6.0,4WD,SUV,18.0
SAAB 9-4X,3.0,6.0,4WD,SUV,19.0
SAAB 9-4X,3.0,6.0,2WD,SUV,20.0
SAAB 9-5,2.8,6.0,4WD,midsize car,20.0
SAAB 9-5,2.8,6.0,4WD,midsize car,20.0
SCION iQ,1.3,4.0,2WD,small car,37.0
SCION iQ,1.3,4.0,2WD,small car,37.0
SCION tC,2.5,4.0,2WD,small car,26.0
SCION tC,2.5,4.0,2WD,small car,26.0
SCION tC,2.5,4.0,2WD,small car,26.0
SCION tC,2.5,4.0,2WD,small car,26.0
SCION xB,2.4,4.0,2WD,station wagon,24.0
SCION xB,2.4,4.0,2WD,station wagon,24.0
SCION xB,2.4,4.0,2WD,station wagon,24.0
SCION xB,2.4,4.0,2WD,station wagon,24.0
SCION xD,1.8,4.0,2WD,small car,29.0
SCION xD,1.8,4.0,2WD,small car,29.0
SCION xD,1.8,4.0,2WD,small car,29.0
SCION xD,1.8,4.0,2WD,small car,29.0
SMART ForTwo Cabriolet,1.0,3.0,2WD,small car,36.0
SMART ForTwo Cabriolet,1.0,3.0,2WD,small car,36.0
SMART ForTwo Coupe,1.0,3.0,2WD,small car,36.0
SMART ForTwo Coupe,1.0,3.0,2WD,small car,36.0
SUBARU Forester,2.5,4.0,4WD,SUV,23.0
SUBARU Forester,2.5,4.0,4WD,SUV,23.0
SUBARU Forester,2.5,4.0,4WD,SUV,23.0
SUBARU Forester,2.5,4.0,4WD,SUV,23.0
SUBARU Forester,2.5,4.0,4WD,SUV,23.0
SUBARU Forester,2.5,4.0,4WD,SUV,23.0
SUBARU Forester,2.5,4.0,4WD,SUV,23.0
SUBARU Forester,2.5,4.0,4WD,SUV,23.0
SUBARU Forester,2.5,4.0,4WD,SUV,21.0
SUBARU Forester,2.5,4.0,4WD,SUV,21.0
SUBARU Impreza,2.0,4.0,4WD,small car,30.0
SUBARU Impreza,2.0,4.0,4WD,small car,30.0
SUBARU Impreza,2.0,4.0,4WD,small car,30.0
SUBARU Impreza,2.0,4.0,4WD,small car,30.0
SUBARU Impreza,2.0,4.0,4WD,small car,28.0
SUBARU Impreza,2.0,4.0,4WD,small car,28.0
SUBARU Impreza,2.0,4.0,4WD,small car,28.0
SUBARU Impreza,2.0,4.0,4WD,small car,28.0
SUBARU Impreza,2.5,4.0,4WD,small car,19.0
SUBARU Impreza,2.5,4.0,4WD,small car,21.0
SUBARU Impreza,2.5,4.0,4WD,small car,19.0
SUBARU Impreza,2.5,4.0,4WD,small car,21.0
SUBARU Impreza Wagon/Outback Sport,2.0,4.0,4WD,station wagon,30.0
SUBARU Impreza Wagon/Outback Sport,2.0,4.0,4WD,station wagon,30.0
SUBARU Impreza Wagon/Outback Sport,2.0,4.0,4WD,station wagon,30.0
SUBARU Impreza Wagon/Outback Sport,2.0,4.0,4WD,station wagon,30.0
SUBARU Impreza Wagon/Outback Sport,2.0,4.0,4WD,station wagon,28.0
SUBARU Impreza Wagon/Outback Sport,2.0,4.0,4WD,station wagon,28.0
SUBARU Impreza Wagon/Outback Sport,2.0,4.0,4WD,station wagon,28.0
SUBARU Impreza Wagon/Outback Sport,2.0,4.0,4WD,station wagon,28.0
SUBARU Impreza Wagon/Outback Sport,2.5,4.0,4WD,station wagon,19.0
SUBARU Impreza Wagon/Outback Sport,2.5,4.0,4WD,station wagon,21.0
SUBARU Impreza Wagon/Outback Sport,2.5,4.0,4WD,station wagon,19.0
SUBARU Impreza Wagon/Outback Sport,2.5,4.0,4WD,station wagon,21.0
SUBARU Legacy,2.5,4.0,4WD,midsize car,26.0
SUBARU Legacy,2.5,4.0,4WD,midsize car,26.0
SUBARU Legacy,2.5,4.0,4WD,midsize car,26.0
SUBARU Legacy,2.5,4.0,4WD,midsize car,26.0
SUBARU Legacy,2.5,4.0,4WD,midsize car,22.0
SUBARU Legacy,2.5,4.0,4WD,midsize car,22.0
SUBARU Legacy,2.5,4.0,4WD,midsize car,21.0
SUBARU Legacy,2.5,4.0,4WD,midsize car,21.0
SUBARU Legacy,3.6,6.0,4WD,midsize car,20.0
SUBARU Legacy,3.6,6.0,4WD,midsize car,20.0
SUBARU Legacy,3.6,6.0,4WD,midsize car,20.0
SUBARU Legacy,3.6,6.0,4WD,midsize car,20.0
SUBARU Outback Wagon,2.5,4.0,4WD,SUV,24.0
SUBARU Outback Wagon,2.5,4.0,4WD,SUV,24.0
SUBARU Outback Wagon,2.5,4.0,4WD,SUV,24.0
SUBARU Outback Wagon,2.5,4.0,4WD,SUV,24.0
SUBARU Outback Wagon,2.5,4.0,4WD,SUV,22.0
SUBARU Outback Wagon,2.5,4.0,4WD,SUV,22.0
SUBARU Outback Wagon,2.5,4.0,4WD,SUV,22.0
SUBARU Outback Wagon,2.5,4.0,4WD,SUV,22.0
SUBARU Outback Wagon,3.6,6.0,4WD,SUV,20.0
SUBARU Outback Wagon,3.6,6.0,4WD,SUV,20.0
SUBARU Outback Wagon,3.6,6.0,4WD,SUV,20.0
SUBARU Outback Wagon,3.6,6.0,4WD,SUV,20.0
SUBARU Tribeca,3.6,6.0,4WD,SUV,18.0
SUBARU Tribeca,3.6,6.0,4WD,SUV,18.0
SUZUKI Equator,2.5,4.0,2WD,pickup,19.0
SUZUKI Equator,2.5,4.0,2WD,pickup,19.0
SUZUKI Equator,2.5,4.0,2WD,pickup,21.0
SUZUKI Equator,2.5,4.0,2WD,pickup,21.0
SUZUKI Equator,4.0,6.0,4WD,pickup,16.0
SUZUKI Equator,4.0,6.0,4WD,pickup,16.0
SUZUKI Equator,4.0,6.0,2WD,pickup,17.0
SUZUKI Equator,4.0,6.0,2WD,pickup,17.0
SUZUKI Grand Vitara,2.4,4.0,4WD,SUV,20.0
SUZUKI Grand Vitara,2.4,4.0,4WD,SUV,20.0
SUZUKI Grand Vitara,2.4,4.0,2WD,SUV,21.0
SUZUKI Grand Vitara,2.4,4.0,2WD,SUV,21.0
SUZUKI Grand Vitara,2.4,4.0,2WD,SUV,22.0
SUZUKI Grand Vitara,2.4,4.0,2WD,SUV,22.0
SUZUKI Kiszashi,2.4,4.0,4WD,small car,25.0
SUZUKI Kiszashi,2.4,4.0,4WD,small car,25.0
SUZUKI Kiszashi,2.4,4.0,2WD,small car,26.0
SUZUKI Kiszashi,2.4,4.0,2WD,small car,26.0
SUZUKI Kiszashi,2.4,4.0,2WD,small car,24.0
SUZUKI Kiszashi,2.4,4.0,2WD,small car,24.0
SUZUKI Kiszashi S,2.4,4.0,4WD,small car,25.0
SUZUKI Kiszashi S,2.4,4.0,4WD,small car,25.0
SUZUKI Kiszashi S,2.4,4.0,2WD,small car,26.0
SUZUKI Kiszashi S,2.4,4.0,2WD,small car,26.0
SUZUKI Kiszashi S,2.4,4.0,2WD,small car,25.0
SUZUKI Kiszashi S,2.4,4.0,2WD,small car,25.0
SUZUKI SX4,2.0,4.0,4WD,station wagon,25.0
SUZUKI SX4,2.0,4.0,4WD,station wagon,25.0
SUZUKI SX4,2.0,4.0,2WD,station wagon,26.0
SUZUKI SX4,2.0,4.0,2WD,station wagon,26.0
SUZUKI SX4,2.0,4.0,4WD,station wagon,25.0
SUZUKI SX4,2.0,4.0,4WD,station wagon,25.0
SUZUKI SX4,2.0,4.0,2WD,station wagon,25.0
SUZUKI SX4,2.0,4.0,2WD,station wagon,25.0
SUZUKI SX4 Sedan,2.0,4.0,2WD,small car,28.0
SUZUKI SX4 Sedan,2.0,4.0,2WD,small car,28.0
SUZUKI SX4 Sedan,2.0,4.0,2WD,small car,26.0
SUZUKI SX4 Sedan,2.0,4.0,2WD,small car,26.0
SUZUKI SX4 Sport,2.0,4.0,2WD,small car,26.0
SUZUKI SX4 Sport,2.0,4.0,2WD,small car,26.0
SUZUKI SX4 Sport,2.0,4.0,2WD,small car,26.0
SUZUKI SX4 Sport,2.0,4.0,2WD,small car,26.0
TOYOTA 4Runner,4.0,6.0,4WD,SUV,19.0
TOYOTA 4Runner,4.0,6.0,4WD,SUV,19.0
TOYOTA 4Runner,4.0,6.0,4WD,SUV,19.0
TOYOTA 4Runner,4.0,6.0,4WD,SUV,19.0
TOYOTA 4Runner,4.0,6.0,2WD,SUV,19.0
TOYOTA 4Runner,4.0,6.0,2WD,SUV,19.0
TOYOTA Avalon,3.5,6.0,2WD,large car,23.0
TOYOTA Avalon,3.5,6.0,2WD,large car,23.0
TOYOTA Camry,2.5,4.0,2WD,midsize car,28.0
TOYOTA Camry,2.5,4.0,2WD,midsize car,28.0
TOYOTA Camry,2.5,4.0,2WD,midsize car,28.0
TOYOTA Camry,2.5,4.0,2WD,midsize car,28.0
TOYOTA Camry,3.5,6.0,2WD,midsize car,25.0
TOYOTA Camry,3.5,6.0,2WD,midsize car,25.0
TOYOTA Camry Hybrid LE,2.5,4.0,2WD,midsize car,41.0
TOYOTA Camry Hybrid LE,2.5,4.0,2WD,midsize car,41.0
TOYOTA Camry Hybrid XLE,2.5,4.0,2WD,midsize car,40.0
TOYOTA Camry Hybrid XLE,2.5,4.0,2WD,midsize car,40.0
TOYOTA Corolla,1.8,4.0,2WD,small car,29.0
TOYOTA Corolla,1.8,4.0,2WD,small car,29.0
TOYOTA Corolla,1.8,4.0,2WD,small car,30.0
TOYOTA Corolla,1.8,4.0,2WD,small car,30.0
TOYOTA FJ Cruiser,4.0,6.0,4WD,SUV,18.0
TOYOTA FJ Cruiser,4.0,6.0,4WD,SUV,18.0
TOYOTA FJ Cruiser,4.0,6.0,2WD,SUV,19.0
TOYOTA FJ Cruiser,4.0,6.0,2WD,SUV,19.0
TOYOTA FJ Cruiser,4.0,6.0,4WD,SUV,16.0
TOYOTA FJ Cruiser,4.0,6.0,4WD,SUV,16.0
TOYOTA Highlander,2.7,4.0,2WD,SUV,22.0
TOYOTA Highlander,2.7,4.0,2WD,SUV,22.0
TOYOTA Matrix,1.8,4.0,2WD,station wagon,28.0
TOYOTA Matrix,1.8,4.0,2WD,station wagon,28.0
TOYOTA Matrix,1.8,4.0,2WD,station wagon,29.0
TOYOTA Matrix,1.8,4.0,2WD,station wagon,29.0
TOYOTA Matrix,2.4,4.0,4WD,station wagon,22.0
TOYOTA Matrix,2.4,4.0,4WD,station wagon,22.0
TOYOTA Matrix,2.4,4.0,2WD,station wagon,24.0
TOYOTA Matrix,2.4,4.0,2WD,station wagon,24.0
TOYOTA Matrix,2.4,4.0,2WD,station wagon,24.0
TOYOTA Matrix,2.4,4.0,2WD,station wagon,24.0
TOYOTA Prius,1.8,4.0,2WD,midsize car,50.0
TOYOTA Prius,1.8,4.0,2WD,midsize car,50.0
TOYOTA Prius c,1.5,4.0,2WD,small car,50.0
TOYOTA Prius c,1.5,4.0,2WD,small car,50.0
TOYOTA Prius v,1.8,4.0,2WD,station wagon,42.0
TOYOTA Prius v,1.8,4.0,2WD,station wagon,42.0
TOYOTA RAV4,2.5,4.0,4WD,SUV,24.0
TOYOTA RAV4,2.5,4.0,4WD,SUV,24.0
TOYOTA RAV4,2.5,4.0,2WD,SUV,24.0
TOYOTA RAV4,2.5,4.0,2WD,SUV,24.0
TOYOTA RAV4,3.5,6.0,4WD,SUV,22.0
TOYOTA RAV4,3.5,6.0,4WD,SUV,22.0
TOYOTA RAV4,3.5,6.0,2WD,SUV,22.0
TOYOTA RAV4,3.5,6.0,2WD,SUV,22.0
TOYOTA Sequoia,5.7,8.0,4WD,SUV,14.0
TOYOTA Sequoia,5.7,8.0,4WD,SUV,14.0
TOYOTA Sequoia,5.7,8.0,2WD,SUV,15.0
TOYOTA Sequoia,5.7,8.0,2WD,SUV,15.0
TOYOTA Sienna,2.7,4.0,2WD,minivan,21.0
TOYOTA Sienna,2.7,4.0,2WD,minivan,21.0
TOYOTA Tacoma,2.7,4.0,4WD,pickup,19.0
TOYOTA Tacoma,2.7,4.0,4WD,pickup,19.0
TOYOTA Tacoma,2.7,4.0,2WD,pickup,21.0
TOYOTA Tacoma,2.7,4.0,2WD,pickup,21.0
TOYOTA Tacoma,2.7,4.0,4WD,pickup,19.0
TOYOTA Tacoma,2.7,4.0,4WD,pickup,19.0
TOYOTA Tacoma,2.7,4.0,2WD,pickup,22.0
TOYOTA Tacoma,2.7,4.0,2WD,pickup,22.0
TOYOTA Tacoma,2.7,4.0,2WD,pickup,22.0
TOYOTA Tacoma,2.7,4.0,2WD,pickup,22.0
TOYOTA Tacoma,4.0,6.0,4WD,pickup,18.0
TOYOTA Tacoma,4.0,6.0,4WD,pickup,18.0
TOYOTA Tacoma,4.0,6.0,2WD,pickup,19.0
TOYOTA Tacoma,4.0,6.0,2WD,pickup,19.0
TOYOTA Tacoma,4.0,6.0,4WD,pickup,17.0
TOYOTA Tacoma,4.0,6.0,4WD,pickup,17.0
TOYOTA Tacoma,4.0,6.0,2WD,pickup,18.0
TOYOTA Tacoma,4.0,6.0,2WD,pickup,18.0
TOYOTA Tundra,4.0,6.0,2WD,pickup,18.0
TOYOTA Tundra,4.0,6.0,2WD,pickup,18.0
TOYOTA Tundra,5.7,8.0,4WD,pickup,14.0
TOYOTA Tundra,5.7,8.0,4WD,pickup,14.0
TOYOTA Tundra,5.7,8.0,2WD,pickup,15.0
TOYOTA Tundra,5.7,8.0,2WD,pickup,15.0
TOYOTA Venza,2.7,4.0,4WD,SUV,22.0
TOYOTA Venza,2.7,4.0,4WD,SUV,22.0
TOYOTA Venza,2.7,4.0,2WD,SUV,23.0
TOYOTA Venza,2.7,4.0,2WD,SUV,23.0
TOYOTA Venza,3.5,6.0,4WD,SUV,21.0
TOYOTA Venza,3.5,6.0,4WD,SUV,21.0
TOYOTA Venza,3.5,6.0,2WD,SUV,22.0
TOYOTA Venza,3.5,6.0,2WD,SUV,22.0
TOYOTA Yaris,1.5,4.0,2WD,small car,32.0
TOYOTA Yaris,1.5,4.0,2WD,small car,32.0
TOYOTA Yaris,1.5,4.0,2WD,small car,32.0
TOYOTA Yaris,1.5,4.0,2WD,small car,32.0
TOYOTA Yaris,1.5,4.0,2WD,small car,33.0
TOYOTA Yaris,1.5,4.0,2WD,small car,33.0
TOYOTA Yaris,1.5,4.0,2WD,small car,33.0
TOYOTA Yaris,1.5,4.0,2WD,small car,33.0
VEHICLE PRODUCTION GROUP MV-1,4.6,8.0,2WD,special purpose,13.0
VEHICLE PRODUCTION GROUP MV-1,4.6,8.0,2WD,special purpose,13.0
VEHICLE PRODUCTION GROUP MV-1,4.6,8.0,2WD,special purpose,15.0
VOLKSWAGEN Beetle,2.0,4.0,2WD,small car,24.0
VOLKSWAGEN Beetle,2.0,4.0,2WD,small car,24.0
VOLKSWAGEN Beetle,2.0,4.0,2WD,small car,25.0
VOLKSWAGEN Beetle,2.0,4.0,2WD,small car,25.0
VOLKSWAGEN Beetle,2.5,5.0,2WD,small car,25.0
VOLKSWAGEN Beetle,2.5,5.0,2WD,small car,25.0
VOLKSWAGEN Beetle,2.5,5.0,2WD,small car,25.0
VOLKSWAGEN Beetle,2.5,5.0,2WD,small car,25.0
VOLKSWAGEN Beetle,2.5,5.0,2WD,small car,25.0
VOLKSWAGEN Beetle,2.5,5.0,2WD,small car,25.0
VOLKSWAGEN CC,2.0,4.0,2WD,small car,24.0
VOLKSWAGEN CC,2.0,4.0,2WD,small car,24.0
VOLKSWAGEN CC,2.0,4.0,2WD,small car,25.0
VOLKSWAGEN CC,2.0,4.0,2WD,small car,25.0
VOLKSWAGEN CC 4Motion,3.6,6.0,4WD,small car,20.0
VOLKSWAGEN CC 4Motion,3.6,6.0,4WD,small car,20.0
VOLKSWAGEN Eos,2.0,4.0,2WD,small car,25.0
VOLKSWAGEN Eos,2.0,4.0,2WD,small car,25.0
VOLKSWAGEN GTI,2.0,4.0,2WD,small car,25.0
VOLKSWAGEN GTI,2.0,4.0,2WD,small car,25.0
VOLKSWAGEN GTI,2.0,4.0,2WD,small car,25.0
VOLKSWAGEN GTI,2.0,4.0,2WD,small car,25.0
VOLKSWAGEN GTI,2.0,4.0,2WD,small car,27.0
VOLKSWAGEN GTI,2.0,4.0,2WD,small car,27.0
VOLKSWAGEN Golf,2.0,4.0,2WD,small car,34.0
VOLKSWAGEN Golf,2.0,4.0,2WD,small car,34.0
VOLKSWAGEN Golf,2.0,4.0,2WD,small car,34.0
VOLKSWAGEN Golf,2.0,4.0,2WD,small car,34.0
VOLKSWAGEN Golf,2.5,5.0,2WD,small car,26.0
VOLKSWAGEN Golf,2.5,5.0,2WD,small car,26.0
VOLKSWAGEN Golf,2.5,5.0,2WD,small car,26.0
VOLKSWAGEN Golf,2.5,5.0,2WD,small car,26.0
VOLKSWAGEN Golf,2.5,5.0,2WD,small car,26.0
VOLKSWAGEN Golf,2.5,5.0,2WD,small car,26.0
VOLKSWAGEN Golf R,2.0,4.0,4WD,small car,22.0
VOLKSWAGEN Golf R,2.0,4.0,4WD,small car,22.0
VOLKSWAGEN Jetta,2.0,4.0,2WD,small car,34.0
VOLKSWAGEN Jetta,2.0,4.0,2WD,small car,34.0
VOLKSWAGEN Jetta,2.0,4.0,2WD,small car,26.0
VOLKSWAGEN Jetta,2.0,4.0,2WD,small car,26.0
VOLKSWAGEN Jetta,2.0,4.0,2WD,small car,28.0
VOLKSWAGEN Jetta,2.0,4.0,2WD,small car,28.0
VOLKSWAGEN Jetta,2.0,4.0,2WD,small car,34.0
VOLKSWAGEN Jetta,2.0,4.0,2WD,small car,34.0
VOLKSWAGEN Jetta,2.0,4.0,2WD,small car,27.0
VOLKSWAGEN Jetta,2.0,4.0,2WD,small car,27.0
VOLKSWAGEN Jetta,2.0,4.0,2WD,small car,25.0
VOLKSWAGEN Jetta,2.0,4.0,2WD,small car,25.0
VOLKSWAGEN Jetta,2.5,5.0,2WD,small car,26.0
VOLKSWAGEN Jetta,2.5,5.0,2WD,small car,26.0
VOLKSWAGEN Jetta,2.5,5.0,2WD,small car,26.0
VOLKSWAGEN Jetta,2.5,5.0,2WD,small car,26.0
VOLKSWAGEN Jetta,2.5,5.0,2WD,small car,26.0
VOLKSWAGEN Jetta,2.5,5.0,2WD,small car,26.0
VOLKSWAGEN Jetta SportWagen,2.0,4.0,2WD,station wagon,34.0
VOLKSWAGEN Jetta SportWagen,2.0,4.0,2WD,station wagon,34.0
VOLKSWAGEN Jetta SportWagen,2.0,4.0,2WD,station wagon,33.0
VOLKSWAGEN Jetta SportWagen,2.0,4.0,2WD,station wagon,33.0
VOLKSWAGEN Jetta SportWagen,2.5,5.0,2WD,station wagon,26.0
VOLKSWAGEN Jetta SportWagen,2.5,5.0,2WD,station wagon,26.0
VOLKSWAGEN Jetta SportWagen,2.5,5.0,2WD,station wagon,26.0
VOLKSWAGEN Jetta SportWagen,2.5,5.0,2WD,station wagon,26.0
VOLKSWAGEN Jetta SportWagen,2.5,5.0,2WD,station wagon,26.0
VOLKSWAGEN Jetta SportWagen,2.5,5.0,2WD,station wagon,26.0
VOLKSWAGEN Passat,2.0,4.0,2WD,midsize car,35.0
VOLKSWAGEN Passat,2.0,4.0,2WD,midsize car,35.0
VOLKSWAGEN Passat,2.0,4.0,2WD,midsize car,34.0
VOLKSWAGEN Passat,2.0,4.0,2WD,midsize car,34.0
VOLKSWAGEN Passat,2.5,5.0,2WD,midsize car,26.0
VOLKSWAGEN Passat,2.5,5.0,2WD,midsize car,26.0
VOLKSWAGEN Passat,2.5,5.0,2WD,midsize car,26.0
VOLKSWAGEN Passat,2.5,5.0,2WD,midsize car,25.0
VOLKSWAGEN Passat,2.5,5.0,2WD,midsize car,25.0
VOLKSWAGEN Passat,2.5,5.0,2WD,midsize car,25.0
VOLKSWAGEN Passat,3.6,6.0,2WD,midsize car,23.0
VOLKSWAGEN Passat,3.6,6.0,2WD,midsize car,23.0
VOLKSWAGEN Tiguan,2.0,4.0,2WD,SUV,21.0
VOLKSWAGEN Tiguan,2.0,4.0,2WD,SUV,21.0
VOLKSWAGEN Tiguan,2.0,4.0,4WD,SUV,23.0
VOLKSWAGEN Tiguan,2.0,4.0,4WD,SUV,23.0
VOLKSWAGEN Tiguan,2.0,4.0,2WD,SUV,24.0
VOLKSWAGEN Tiguan,2.0,4.0,2WD,SUV,24.0
VOLKSWAGEN Touareg,3.0,6.0,4WD,SUV,22.0
VOLKSWAGEN Touareg,3.0,6.0,4WD,SUV,22.0
VOLKSWAGEN Touareg,3.6,6.0,4WD,SUV,19.0
VOLKSWAGEN Touareg,3.6,6.0,4WD,SUV,19.0
VOLKSWAGEN Touareg Hybrid,3.0,6.0,4WD,SUV,21.0
VOLKSWAGEN Touareg Hybrid,3.0,6.0,4WD,SUV,21.0
VOLVO C30,2.5,5.0,2WD,small car,24.0
VOLVO C30,2.5,5.0,2WD,small car,24.0
VOLVO C30,2.5,5.0,2WD,small car,24.0
VOLVO C30,2.5,5.0,2WD,small car,24.0
VOLVO C70,2.5,5.0,2WD,small car,21.0
VOLVO C70,2.5,5.0,2WD,small car,21.0
VOLVO S60,2.5,5.0,2WD,small car,23.0
VOLVO S60,2.5,5.0,2WD,small car,23.0
VOLVO S60,3.0,6.0,4WD,small car,21.0
VOLVO S60,3.0,6.0,4WD,small car,21.0
VOLVO S80,3.0,6.0,4WD,midsize car,21.0
VOLVO S80,3.0,6.0,4WD,midsize car,21.0
VOLVO S80,3.2,6.0,2WD,midsize car,23.0
VOLVO S80,3.2,6.0,2WD,midsize car,23.0
VOLVO S80,3.2,6.0,2WD,midsize car,23.0
VOLVO XC 60,3.0,6.0,4WD,SUV,20.0
VOLVO XC 60,3.0,6.0,4WD,SUV,20.0
VOLVO XC 60,3.2,6.0,4WD,SUV,20.0
VOLVO XC 60,3.2,6.0,4WD,SUV,20.0
VOLVO XC 60,3.2,6.0,4WD,SUV,20.0
VOLVO XC 60,3.2,6.0,2WD,SUV,21.0
VOLVO XC 60,3.2,6.0,2WD,SUV,21.0
VOLVO XC 60,3.2,6.0,2WD,SUV,21.0
VOLVO XC 70,3.0,6.0,4WD,SUV,20.0
VOLVO XC 70,3.0,6.0,4WD,SUV,20.0
VOLVO XC 70,3.2,6.0,4WD,SUV,20.0
VOLVO XC 70,3.2,6.0,4WD,SUV,20.0
VOLVO XC 70,3.2,6.0,4WD,SUV,20.0
VOLVO XC 70,3.2,6.0,2WD,SUV,21.0
VOLVO XC 70,3.2,6.0,2WD,SUV,21.0
VOLVO XC 70,3.2,6.0,2WD,SUV,21.0
VOLVO XC 90,3.2,6.0,4WD,SUV,18.0
VOLVO XC 90,3.2,6.0,4WD,SUV,18.0
VOLVO XC 90,3.2,6.0,2WD,SUV,19.0
VOLVO XC 90,3.2,6.0,2WD,SUV,19.0
